date,nymex_rb,nymex_ho,rack_u,rack_p,rack_d
2023-03-07,2.700700044631958,2.797499895095825,2.5621,3.2811,3.051
2023-03-08,2.6888999938964844,2.7418999671936035,2.4953,3.2143,2.9658
2023-03-09,2.60509991645813,2.6689000129699707,2.5117,3.2307,2.905
2023-03-10,2.6458001136779785,2.772900104522705,2.4262,3.1452,2.8371
2023-03-11,,,2.477,3.196,2.9758
2023-03-14,2.552999973297119,2.714400053024292,2.4106,3.1296,2.9663
2023-03-15,2.4384000301361084,2.6048998832702637,2.4185,3.1375,2.9181
2023-03-16,2.503499984741211,2.6435000896453857,2.3295,3.0485,2.7794
2023-03-17,2.501499891281128,2.6786999702453613,2.4053,3.1243,2.816
2023-03-18,,,2.404,3.1229,2.8389
2023-03-21,2.5388998985290527,2.690200090408325,2.4218,3.1408,2.8393
2023-03-22,2.5931999683380127,2.740299940109253,2.3941,3.1131,2.8501
2023-03-23,2.6059000492095947,2.6847000122070312,2.457,3.176,2.8822
2023-03-24,2.5885000228881836,2.695199966430664,2.4492,3.1682,2.8348
2023-03-25,,,2.4439,3.1628,2.8424
2023-03-28,2.712100028991699,2.7695999145507812,2.5262,3.2452,2.9357
2023-03-29,2.668100118637085,2.658099889755249,2.5311,3.2501,2.8934
2023-03-30,2.661400079727173,2.623699903488159,2.4713,3.1903,2.785
2023-03-31,2.700500011444092,2.676300048828125,2.4607,3.1797,2.7751
2023-04-01,,,2.5104,3.2294,2.8256
2023-04-04,2.7370998859405518,2.6666998863220215,2.5878,3.3067,2.8656
2023-04-05,2.8201000690460205,2.7309999465942383,2.5701,3.2891,2.8778
2023-04-06,2.8132998943328857,2.6605000495910645,2.6472,3.3662,2.9298
2023-04-07,,,2.6585,3.3775,2.8672
2023-04-08,,,2.6585,3.3775,2.8672
2023-04-11,2.8652000427246094,2.6682000160217285,2.6523,3.3712,2.8904
2023-04-12,2.8726999759674072,2.7030999660491943,2.7015,3.4205,2.8643
2023-04-13,2.831700086593628,2.672800064086914,2.6715,3.3905,2.8929
2023-04-14,2.835900068283081,2.63919997215271,2.641,3.36,2.8501
2023-04-15,,,2.6527,3.3717,2.8217
2023-04-18,2.7509000301361084,2.599900007247925,2.6094,3.3284,2.801
2023-04-19,2.6454999446868896,2.5576999187469482,2.5679,3.2869,2.7839
2023-04-20,2.586400032043457,2.4948999881744385,2.4741,3.1931,2.7387
2023-04-21,2.601599931716919,2.488600015640259,2.4342,3.1532,2.6746
2023-04-22,,,2.4582,3.1772,2.6798
2023-04-25,2.588599920272827,2.4511001110076904,2.4864,3.2054,2.7254
2023-04-26,2.5494000911712646,2.372999906539917,2.4256,3.1446,2.6445
2023-04-27,2.5327999591827393,2.3541998863220215,2.392,3.111,2.5743
2023-04-28,2.578000068664551,2.378700017929077,2.3652,3.0842,2.555
2023-04-29,,,2.417,3.136,2.5858
2023-05-02,2.435699939727783,2.2892000675201416,2.4514,3.1704,2.6032
2023-05-03,2.3220999240875244,2.232300043106079,2.342,3.061,2.5266
2023-05-06,,,2.3317,3.0506,2.5457
2023-05-09,2.4798998832702637,2.390199899673462,2.4224,3.1414,2.6105
2023-05-10,2.4948999881744385,2.393399953842163,2.4131,3.1321,2.6181
2023-05-11,2.45770001411438,2.3494999408721924,2.4255,3.1445,2.6284
2023-05-12,2.4302000999450684,2.305500030517578,2.3551,3.0741,2.5915
2023-05-13,,,2.34,3.0589,2.5458
2023-05-16,2.479099988937378,2.3638999462127686,2.395,3.114,2.6222
2023-05-17,2.569200038909912,2.422600030899048,2.3879,3.1068,2.6029
2023-05-18,2.5683000087738037,2.402600049972534,2.4818,3.2008,2.6598
2023-05-19,2.5761001110076904,2.3622000217437744,2.4736,3.1926,2.6218
2023-05-20,,,2.4443,3.1632,2.5763
2023-05-23,2.6621999740600586,2.3617000579833984,2.4716,3.1906,2.576
2023-05-24,2.7211999893188477,2.4137001037597656,2.4908,3.2098,2.5693
2023-05-25,2.6735000610351562,2.3461999893188477,2.5394,3.2584,2.6216
2023-05-26,2.703399896621704,2.36929988861084,2.4597,3.1786,2.555
2023-05-27,,,2.4932,3.2122,2.5755
2023-05-31,2.5599000453948975,2.2595999240875244,2.3888,3.1078,2.4835
2023-06-01,2.436199903488159,2.31469988822937,2.3488,3.0678,2.4672
2023-06-02,2.500699996948242,2.3568999767303467,2.3579,3.0769,2.5272
2023-06-03,,,2.4432,3.1622,2.5705
2023-06-06,2.564300060272217,2.367799997329712,2.4783,3.1973,2.5837
2023-06-07,2.641200065612793,2.4017999172210693,2.4851,3.2041,2.5724
2023-06-08,2.6126999855041504,2.3898000717163086,2.5382,3.2572,2.6043
2023-06-09,2.5931999683380127,2.3610000610351562,2.4901,3.2091,2.5916
2023-06-10,,,2.4826,3.2016,2.561
2023-06-13,2.5578999519348145,2.3954999446868896,2.391,3.11,2.5079
2023-06-14,2.5546000003814697,2.3577001094818115,2.4237,3.1427,2.5959
2023-06-15,2.641700029373169,2.479599952697754,2.3957,3.1146,2.5566
2023-06-16,2.680500030517578,2.5513999462127686,2.5004,3.2193,2.6806
2023-06-17,,,2.5112,3.2302,2.7366
2023-06-21,2.6240999698638916,2.564199924468994,2.4599,3.1788,2.6641
2023-06-22,2.550100088119507,2.4655001163482666,2.4566,3.1756,2.7475
2023-06-23,2.517199993133545,2.407099962234497,2.3914,3.1104,2.6192
2023-06-24,,,2.3328,3.0518,2.573
2023-06-27,2.5167999267578125,2.3989999294281006,2.3776,3.0966,2.6174
2023-06-28,2.6033999919891357,2.4066998958587646,2.3342,3.0532,2.5504
2023-06-29,2.6177000999450684,2.415600061416626,2.3834,3.1024,2.5689
2023-06-30,2.634000062942505,2.448199987411499,2.4149,3.1339,2.5698
2023-07-01,,,2.4476,3.1666,2.6051
2023-07-04,,,2.4476,3.1666,2.6051
2023-07-06,2.543800115585327,2.4793999195098877,2.4125,3.1314,2.6534
2023-07-07,2.5892999172210693,2.5590999126434326,2.4428,3.1618,2.6353
2023-07-08,,,2.4924,3.2113,2.7145
2023-07-11,2.6226999759674072,2.583699941635132,2.4929,3.2119,2.7039
2023-07-12,2.6670000553131104,2.599600076675415,2.5208,3.2398,2.7245
2023-07-13,2.6786000728607178,2.6103999614715576,2.5344,3.2534,2.7305
2023-07-14,2.643699884414673,2.597899913787842,2.5543,3.2733,2.7319
2023-07-15,,,2.5242,3.2431,2.7168
2023-07-18,2.6944000720977783,2.599400043487549,2.5159,3.2348,2.6908
2023-07-19,2.7204999923706055,2.6417999267578125,2.5714,3.2904,2.7259
2023-07-20,2.7432000637054443,2.664400100708008,2.5967,3.3157,2.7663
2023-07-21,2.801800012588501,2.745699882507324,2.6394,3.3584,2.7877
2023-07-22,,,2.6767,3.3957,2.8713
2023-07-25,2.853300094604492,2.777600049972534,2.7584,3.4774,2.8977
2023-07-26,2.9072000980377197,2.842900037765503,2.7339,3.4529,2.9087
2023-07-27,2.950500011444092,2.9168999195098877,2.7755,3.4945,2.9763
2023-07-28,2.9558000564575195,2.9586000442504883,2.8322,3.5512,3.0554
2023-07-29,,,2.823,3.542,3.097
2023-08-01,2.872999906539917,3.023400068283081,2.8253,3.5443,3.1265
2023-08-02,2.7757999897003174,3.004300117492676,2.7833,3.5023,3.1659
2023-08-03,2.764699935913086,3.074899911880493,2.6898,3.4088,3.142
2023-08-04,2.783099889755249,3.0622000694274902,2.6758,3.3947,3.2115
2023-08-05,,,2.6856,3.4046,3.2031
2023-08-08,2.845099925994873,3.085599899291992,2.7119,3.4309,3.1517
2023-08-09,2.9284000396728516,3.2070000171661377,2.7514,3.4704,3.2293
2023-08-10,2.9047000408172607,3.1533000469207764,2.8177,3.5367,3.3501
2023-08-11,2.964900016784668,3.121500015258789,2.8005,3.5195,3.2878
2023-08-12,,,2.8331,3.5521,3.2642
2023-08-15,2.847599983215332,3.0280001163482666,2.7848,3.5038,3.2286
2023-08-16,2.8671000003814697,3.020900011062622,2.7279,3.4469,3.167
2023-08-17,2.821700096130371,3.0938000679016113,2.7462,3.4652,3.1639
2023-08-18,2.823199987411499,3.1596999168395996,2.7181,3.4371,3.2408
2023-08-19,,,2.725,3.444,3.31
2023-08-22,2.789099931716919,3.1387999057769775,2.6885,3.4075,3.2563
2023-08-23,2.7688000202178955,3.1291000843048096,2.6959,3.4149,3.2723
2023-08-24,2.7799999713897705,3.156399965286255,2.708,3.4269,3.2578
2023-08-25,2.8763999938964844,3.307499885559082,2.722,3.441,3.2856
2023-08-26,,,2.7801,3.499,3.4494
2023-08-29,2.7904999256134033,3.2095000743865967,2.7152,3.4342,3.3418
2023-08-30,2.8092000484466553,3.0961999893188477,2.7219,3.4409,3.3442
2023-08-31,2.766400098800659,3.1426000595092773,2.7465,3.4655,3.2311
2023-09-01,2.591200113296509,3.1050000190734863,2.6711,3.3901,3.2816
2023-09-02,,,2.6863,3.4053,3.2572
2023-09-06,2.6013998985290527,3.192699909210205,2.6577,3.3767,3.3641
2023-09-07,2.622999906539917,3.2123000621795654,2.6692,3.3882,3.3293
2023-09-08,2.653700113296509,3.299099922180176,2.7039,3.4229,3.3511
2023-09-09,,,2.7268,3.4458,3.4467
2023-09-12,2.7279000282287598,3.3282999992370605,2.7801,3.499,3.5086
2023-09-13,2.7383999824523926,3.4354000091552734,2.7712,3.4902,3.4641
2023-09-14,2.7427000999450684,3.4814999103546143,2.7823,3.5013,3.5734
2023-09-15,2.7081000804901123,3.3833999633789062,2.7759,3.5354,3.611
2023-09-16,,,2.7337,3.4932,3.5056
2023-09-19,2.658099889755249,3.3738999366760254,2.7183,3.4778,3.4098
2023-09-20,2.6191999912261963,3.3268001079559326,2.6841,3.4436,3.4909
2023-09-21,2.6198999881744385,3.368000030517578,2.6639,3.4234,3.4293
2023-09-22,2.561800003051758,3.3062000274658203,2.6717,3.4312,3.4844
2023-09-23,,,2.6235,3.383,3.428
2023-09-26,2.5622000694274902,3.22379994392395,2.6033,3.3628,3.3812
2023-09-27,2.598599910736084,3.31469988822937,2.6141,3.3736,3.3419
2023-09-28,2.5053000450134277,3.318000078201294,2.6513,3.4108,3.4339
2023-09-29,2.4398999214172363,3.3622000217437744,2.5895,3.349,3.4483
2023-09-30,,,2.5389,3.2984,3.4956
2023-10-03,2.360100030899048,3.1953999996185303,2.5541,3.3136,3.3978
2023-10-04,2.197999954223633,3.0178000926971436,2.4815,3.241,3.3704
2023-10-05,2.188999891281128,2.8687000274658203,2.35,3.1095,3.1976
2023-10-06,2.192199945449829,2.9007999897003174,2.3383,3.0978,3.0304
2023-10-07,,,2.3354,3.0949,3.0609
2023-10-10,2.2583999633789062,3.0201001167297363,2.3563,3.1158,3.1225
2023-10-11,2.210099935531616,2.998500108718872,2.3613,3.1208,3.1711
2023-10-12,2.1649999618530273,3.0448999404907227,2.3076,3.067,3.1264
2023-10-13,2.2653000354766846,3.211699962615967,2.2654,3.0249,3.181
2023-10-14,,,2.3675,3.127,3.3499
2023-10-17,2.2844998836517334,3.1767001152038574,2.3783,3.1378,3.2851
2023-10-18,2.3534998893737793,3.1393001079559326,2.3906,3.1501,3.2907
2023-10-19,2.3617000579833984,3.1730000972747803,2.4541,3.2136,3.2528
2023-10-20,2.3736000061035156,3.156599998474121,2.4642,3.2237,3.293
2023-10-21,,,2.4211,3.1806,3.2562
2023-10-24,2.2676000595092773,3.0448999404907227,2.3659,3.1254,3.1891
2023-10-25,2.2841999530792236,3.0304999351501465,2.2918,3.0512,3.1288
2023-10-26,2.2560999393463135,3.0439000129699707,2.3058,3.0653,3.1127
2023-10-27,2.3125,3.0518999099731445,2.2695,3.029,3.1248
2023-10-28,,,2.3098,3.0693,3.1249
2023-10-31,2.2227001190185547,2.990999937057495,2.2253,2.9848,3.0402
2023-11-01,2.185499906539917,2.9614999294281006,2.2361,2.9956,3.0847
2023-11-02,2.246000051498413,3.0255000591278076,2.208,2.9675,3.1136
2023-11-03,2.2009999752044678,2.923799991607666,2.2664,3.0259,3.1753
2023-11-04,,,2.2432,3.0027,3.0683
2023-11-07,2.1677000522613525,2.838399887084961,2.2657,3.0252,3.079
2023-11-08,2.128499984741211,2.7492001056671143,2.2165,2.976,2.9535
2023-11-09,2.160799980163574,2.719099998474121,2.1773,2.9368,2.8317
2023-11-10,2.189500093460083,2.7430999279022217,2.2052,2.9647,2.8175
2023-11-11,,,2.2232,2.9827,2.8342
2023-11-14,2.2228000164031982,2.837100028991699,2.2552,3.0147,2.9296
2023-11-15,2.2018001079559326,2.8687000274658203,2.2309,2.9904,2.8964
2023-11-16,2.101099967956543,2.750200033187866,2.203,2.9625,2.8971
2023-11-17,2.184499979019165,2.7725000381469727,2.1087,2.8682,2.7695
2023-11-18,,,2.1746,2.9341,2.7895
2023-11-21,2.233799934387207,2.9249000549316406,2.2297,2.9892,2.8619
2023-11-22,2.2323999404907227,2.8891000747680664,2.2442,3.0037,2.9325
2023-11-23,2.214400053024292,2.8712000846862793,2.2545,3.014,2.8193
2023-11-28,2.2300000190734863,2.9070000648498535,2.2167,2.9762,2.8029
2023-11-29,2.283600091934204,2.8884999752044678,2.2454,3.0049,2.8518
2023-11-30,2.1998000144958496,2.8304998874664307,2.3002,3.0597,2.8338
2023-12-01,2.1210999488830566,2.6614999771118164,2.2315,2.991,2.8064
2023-12-02,,,2.1614,2.9209,2.7217
2023-12-05,2.110300064086914,2.6410999298095703,2.1646,2.9241,2.6687
2023-12-06,2.0302000045776367,2.576200008392334,2.1473,2.9068,2.6413
2023-12-07,2.001199960708618,2.5492000579833984,2.0748,2.8343,2.6084
2023-12-08,2.049799919128418,2.5810000896453857,2.0522,2.8117,2.5735
2023-12-09,,,2.0868,2.8463,2.545
2023-12-12,1.979699969291687,2.5074000358581543,2.0543,2.8138,2.4667
2023-12-13,2.024899959564209,2.548099994659424,1.9979,2.7574,2.4603
2023-12-14,2.118799924850464,2.5913000106811523,2.0307,2.7902,2.5294
2023-12-15,2.13700008392334,2.620800018310547,2.1146,2.8741,2.5503
2023-12-16,,,2.1616,2.9211,2.6004
2023-12-19,2.2007999420166016,2.7167999744415283,2.1779,2.9374,2.6835
2023-12-20,2.200700044631958,2.7084999084472656,2.2072,2.9667,2.7432
2023-12-21,2.1584999561309814,2.6967999935150146,2.2173,2.9768,2.7128
2023-12-22,2.1301000118255615,2.6612000465393066,2.1759,2.9354,2.7112
2023-12-23,,,2.1505,2.91,2.6749
2023-12-27,2.1549999713897705,2.6238999366760254,2.1709,2.9304,2.6874
2023-12-28,2.085200071334839,2.556299924850464,2.1632,2.9227,2.6467
2023-12-29,2.10260009765625,2.553100109100342,2.0875,2.847,2.5959
2023-12-30,,,2.0726,2.8321,2.5894
2024-01-03,2.158099889755249,2.6043999195098877,2.0764,2.8359,2.5726
2024-01-04,2.110100030899048,2.588399887084961,2.1153,2.8748,2.6684
2024-01-05,2.1054999828338623,2.6085000038146973,2.0899,2.8494,2.6628
2024-01-06,,,2.1037,2.8632,2.6963
2024-01-09,2.0768001079559326,2.650399923324585,2.0448,2.8043,2.6649
2024-01-10,2.0673000812530518,2.600600004196167,2.0749,2.8344,2.7408
2024-01-11,2.114300012588501,2.673799991607666,2.0693,2.8288,2.6813
2024-01-12,2.120300054550171,2.669300079345703,2.109,2.8685,2.7604
2024-01-13,,,2.1173,2.8768,2.7604
2024-01-17,2.1354000568389893,2.653599977493286,2.1239,2.8833,2.7344
2024-01-18,2.183500051498413,2.6935999393463135,2.119,2.8785,2.7375
2024-01-19,2.1628000736236572,2.662100076675415,2.1641,2.9236,2.7764
2024-01-20,,,2.1505,2.91,2.744
2024-01-23,2.210099935531616,2.6912999153137207,2.2207,2.9802,2.7857
2024-01-24,2.2095000743865967,2.68179988861084,2.189,2.9485,2.7752
2024-01-25,2.264400005340576,2.7953999042510986,2.1864,2.9459,2.7575
2024-01-26,2.294100046157837,2.843400001525879,2.2368,2.9963,2.8771
2024-01-27,,,2.2848,3.0443,2.9229
2024-01-30,2.260699987411499,2.80679988861084,2.2369,2.9964,2.9076
2024-01-31,2.183300018310547,2.808199882507324,2.2568,3.0163,2.8894
2024-02-01,2.1947999000549316,2.712899923324585,2.2064,2.9659,2.9072
2024-02-02,2.1475000381469727,2.6600000858306885,2.1898,2.9493,2.8542
2024-02-03,,,2.1569,2.9164,2.7996
2024-02-06,2.2172999382019043,2.7427000999450684,2.204,2.9634,2.8561
2024-02-07,2.263000011444092,2.815200090408325,2.211,2.9705,2.8753
2024-02-08,2.3420000076293945,2.8907999992370605,2.2475,3.007,2.9502
2024-02-09,2.3394999504089355,2.964200019836426,2.3145,3.074,3.0408
2024-02-10,,,2.3258,3.0853,3.1276
2024-02-13,2.3945999145507812,2.895900011062622,2.3626,3.1221,3.086
2024-02-14,2.3169000148773193,2.8101000785827637,2.3944,3.1539,3.011
2024-02-15,2.3183000087738037,2.823699951171875,2.3092,3.0687,2.9384
2024-02-16,2.3359999656677246,2.8066000938415527,2.3069,3.0664,2.9549
2024-02-17,,,2.321,3.0805,2.9161
2024-02-21,2.2860000133514404,2.705199956893921,2.2781,3.0376,2.8291
2024-02-22,2.334700107574463,2.752000093460083,2.3062,3.0657,2.8178
2024-02-23,2.276700019836426,2.68969988822937,2.3642,3.1237,2.8733
2024-02-24,,,2.3209,3.0804,2.8131
2024-02-27,2.344399929046631,2.746000051498413,2.3461,3.1056,2.8732
2024-02-28,2.2709999084472656,2.6582999229431152,2.3625,3.122,2.8628
2024-02-29,2.30430006980896,2.683799982070923,2.3906,3.1501,2.7743
2024-03-01,2.6143999099731445,2.704200029373169,2.4109,3.1704,2.8098
2024-03-02,,,2.4601,3.2196,2.8644
2024-03-05,2.5327999591827393,2.6064999103546143,2.4654,3.2249,2.7968
2024-03-06,2.5539000034332275,2.663300037384033,2.4109,3.1704,2.7598
2024-03-07,2.554800033569336,2.694700002670288,2.4261,3.1856,2.8211
2024-03-08,2.5271999835968018,2.640899896621704,2.4168,3.1763,2.8484
2024-03-09,,,2.3861,3.1456,2.7837
2024-03-12,2.586400032043457,2.616499900817871,2.4974,3.2569,2.8053
2024-03-13,2.6614999771118164,2.6851000785827637,2.5215,3.281,2.7593
2024-03-14,2.7032999992370605,2.7088000774383545,2.5688,3.3283,2.8281
2024-03-15,2.7207999229431152,2.7269999980926514,2.5731,3.3326,2.8499
2024-03-16,,,2.568,3.3275,2.8685
2024-03-19,2.762200117111206,2.760699987411499,2.5864,3.3459,2.9287
2024-03-20,2.7332000732421875,2.69569993019104,2.5911,3.3506,2.8856
2024-03-21,2.727099895477295,2.668800115585327,2.5828,3.3423,2.8307
2024-03-22,2.739799976348877,2.65339994430542,2.5749,3.3344,2.8116
2024-03-23,,,2.5699,3.3294,2.7939
2024-03-26,2.7005999088287354,2.621799945831299,2.5751,3.3346,2.8299
2024-03-27,2.6847000122070312,2.598599910736084,2.5365,3.296,2.7644
2024-03-28,2.7611000537872314,2.615600109100342,2.5299,3.2894,2.7552
2024-03-29,,,2.5782,3.3377,2.7796
2024-04-02,2.7588999271392822,2.711899995803833,2.5706,3.3301,2.7813
2024-04-03,2.7609000205993652,2.7323999404907227,2.5987,3.3582,2.8711
2024-04-04,2.7941999435424805,2.741300106048584,2.5894,3.3489,2.8927
2024-04-05,2.788599967956543,2.7730000019073486,2.6147,3.3742,2.9071
2024-04-06,,,2.59,3.3495,2.9379
2024-04-09,2.7555999755859375,2.677000045776367,2.5681,3.3276,2.8948
2024-04-10,2.781599998474121,2.7076001167297363,2.5813,3.3408,2.842
2024-04-11,2.7741000652313232,2.6598000526428223,2.617,3.3765,2.8735
2024-04-12,2.8029000759124756,2.6851000785827637,2.6114,3.3709,2.8236
2024-04-13,,,2.6314,3.3909,2.8546
2024-04-16,2.8222999572753906,2.6512999534606934,2.6117,3.3711,2.8195
2024-04-17,2.7286999225616455,2.574700117111206,2.6185,3.378,2.8164
2024-04-18,2.71370005607605,2.533900022506714,2.5495,3.309,2.7385
2024-04-19,2.7102999687194824,2.541300058364868,2.5278,3.2873,2.701
2024-04-20,,,2.5245,3.284,2.7138
2024-04-23,2.7253000736236572,2.579200029373169,2.5061,3.2656,2.7364
2024-04-24,2.734299898147583,2.5499000549316406,2.5566,3.3161,2.7541
2024-04-25,2.75819993019104,2.5504000186920166,2.5782,3.3377,2.7332
2024-04-26,2.7646000385284424,2.5481998920440674,2.5942,3.3537,2.7466
2024-04-27,,,2.6034,3.3629,2.7489
2024-04-30,2.7107999324798584,2.513400077819824,2.6116,3.371,2.7343
2024-05-01,2.577399969100952,2.451900005340576,2.5739,3.3334,2.7157
2024-05-02,2.5964999198913574,2.4430999755859375,2.4922,3.2517,2.6374
2024-05-03,2.5550999641418457,2.4433999061584473,2.505,3.2645,2.6336
2024-05-05,,,2.4753,3.2348,2.6354
2024-05-07,2.5434000492095947,2.46560001373291,2.4896,3.2491,2.6548
2024-05-08,2.5318000316619873,2.476099967956543,2.4547,3.2142,2.6545
2024-05-09,2.541800022125244,2.47760009765625,2.4646,3.2241,2.6605
2024-05-10,2.4997000694274902,2.4344000816345215,2.4673,3.2268,2.6554
2024-05-11,,,2.4415,3.201,2.6162
2024-05-15,2.496799945831299,2.423099994659424,2.4181,3.1776,2.6033
2024-05-16,2.5378000736236572,2.443700075149536,2.4429,3.2024,2.61
2024-05-17,2.574199914932251,2.486299991607666,2.49,3.2495,2.6334
2024-05-18,,,2.5104,3.2699,2.6836
2024-05-21,2.509999990463257,2.4623000621795654,2.4641,3.2236,2.672
2024-05-22,2.4677999019622803,2.43179988861084,2.4301,3.1896,2.6495
2024-05-23,2.469399929046631,2.411799907684326,2.4038,3.1632,2.6236
2024-05-24,2.4842000007629395,2.413599967956543,2.3938,3.1533,2.5921
2024-05-25,,,2.3964,3.1559,2.5906
2024-05-29,2.464400053024292,2.437000036239624,2.4187,3.1782,2.6393
2024-05-30,2.404599905014038,2.3694000244140625,2.3727,3.1322,2.61
2024-05-31,2.4260001182556152,2.363600015640259,2.327,3.0865,2.5375
2024-06-01,,,2.3403,3.0998,2.5294
2024-06-04,2.3494999408721924,2.285900115966797,2.286,3.0455,2.4404
2024-06-05,2.353600025177002,2.301100015640259,2.2881,3.0476,2.4334
2024-06-07,2.3826000690460205,2.3517000675201416,2.304,3.0635,2.5058
2024-06-09,,,2.2726,3.0321,2.4858
2024-06-11,2.408900022506714,2.421299934387207,2.2997,3.0591,2.5486
2024-06-12,2.394399881362915,2.4407999515533447,2.3157,3.0751,2.5596
2024-06-13,2.415600061416626,2.486799955368042,2.318,3.0775,2.5771
2024-06-14,2.399600028991699,2.470599889755249,2.3225,3.082,2.6328
2024-06-15,,,2.3159,3.0753,2.6158
2024-06-18,2.4832000732421875,2.5208001136779785,2.343,3.1025,2.6281
2024-06-19,,,2.3734,3.1329,2.6664
2024-06-21,2.513700008392334,2.491499900817871,2.3854,3.1449,2.6748
2024-06-22,,,2.388,3.1474,2.6421
2024-06-25,2.514699935913086,2.509399890899658,2.3867,3.1462,2.6686
2024-06-26,2.544600009918213,2.5374999046325684,2.4066,3.1661,2.652
2024-06-27,2.545599937438965,2.547600030899048,2.4228,3.1823,2.6855
2024-06-28,2.529099941253662,2.516900062561035,2.4266,3.1861,2.6976
2024-06-29,,,2.4219,3.1814,2.6666
2024-07-02,2.5734000205993652,2.629699945449829,2.4922,3.2517,2.75
2024-07-03,2.601300001144409,2.6342999935150146,2.4923,3.2518,2.7703
2024-07-04,,,2.5123,3.2718,2.7764
2024-07-09,2.527400016784668,2.5236001014709473,2.4652,3.2247,2.7195
2024-07-10,2.5034000873565674,2.518399953842163,2.4578,3.2173,2.6599
2024-07-11,2.5178000926971436,2.518199920654297,2.4141,3.1736,2.6567
2024-07-12,2.5153000354766846,2.5095999240875244,2.4347,3.1942,2.6528
2024-07-14,,,2.4368,3.1963,2.6537
2024-07-16,2.4774999618530273,2.4688000679016113,2.4187,3.1782,2.6534
2024-07-17,2.501300096511841,2.49399995803833,2.413,3.1725,2.607
2024-07-18,2.516400098800659,2.486799955368042,2.4354,3.1949,2.6174
2024-07-19,2.4504001140594482,2.419100046157837,2.441,3.2005,2.6151
2024-07-20,,,2.3889,3.1484,2.5446
2024-07-23,2.414099931716919,2.409899950027466,2.4309,3.1904,2.5579
2024-07-24,2.4514999389648438,2.452399969100952,2.3668,3.1263,2.5327
2024-07-26,2.4605000019073486,2.4196999073028564,2.416,3.1755,2.5967
2024-07-27,,,2.4005,3.16,2.5375
2024-07-30,2.3870999813079834,2.3368000984191895,2.3661,3.1256,2.4953
2024-07-31,2.4820001125335693,2.4154999256134033,2.3474,3.1069,2.4682
2024-08-01,2.3980000019073486,2.406399965286255,2.4346,3.1941,2.5463
2024-08-02,2.3176000118255615,2.31850004196167,2.4025,3.162,2.5317
2024-08-03,,,2.3353,3.0948,2.4457
2024-08-06,2.326200008392334,2.295799970626831,2.3624,3.1219,2.417
2024-08-07,2.357300043106079,2.355600118637085,2.3342,3.0937,2.4108
2024-08-08,2.399199962615967,2.357800006866455,2.3589,3.1184,2.4686
2024-08-09,2.3903000354766846,2.3396999835968018,2.4071,3.1666,2.4617
2024-08-10,,,2.3786,3.1381,2.4383
2024-08-13,2.3747000694274902,2.38919997215271,2.401,3.1605,2.5237
2024-08-14,2.3210999965667725,2.3682000637054443,2.3478,3.1072,2.5219
2024-08-15,2.3580000400543213,2.3778998851776123,2.3132,3.0727,2.5033
2024-08-16,2.3101999759674072,2.328700065612793,2.3431,3.1026,2.5013
2024-08-17,,,2.3078,3.0672,2.4682
2024-08-20,2.2562999725341797,2.263200044631958,2.2763,3.0358,2.4143
2024-08-21,2.2049999237060547,2.2497000694274902,2.2588,3.0183,2.4338
2024-08-22,2.2437000274658203,2.2634999752044678,2.2266,2.9861,2.4378
2024-08-23,2.285099983215332,2.2997000217437744,2.2524,3.0119,2.47
2024-08-24,,,2.2794,3.0389,2.5104
2024-08-27,2.2469000816345215,2.2862000465393066,2.2831,3.0426,2.5627
2024-08-28,2.2147998809814453,2.229099988937378,2.2312,3.0109,2.5003
2024-08-29,2.2476999759674072,2.2839999198913574,2.2033,3.0236,2.4517
2024-08-30,2.211699962615967,2.251499891281128,2.2371,3.0573,2.5064
2024-08-31,,,2.2417,3.062,2.4691
2024-09-04,1.9617999792099,2.1575000286102295,2.1279,2.9482,2.3959
2024-09-05,1.9257999658584595,2.1689000129699707,2.1211,2.9414,2.3408
2024-09-06,1.8960000276565552,2.115000009536743,2.0685,2.8887,2.3489
2024-09-07,,,2.0484,2.8687,2.2918
2024-09-10,1.8700000047683716,2.058000087738037,2.0707,2.8909,2.32
2024-09-11,1.8971999883651733,2.0917000770568848,2.0218,2.842,2.2392
2024-09-12,1.9270000457763672,2.118799924850464,2.0357,2.8559,2.2729
2024-09-13,1.9301999807357788,2.0843000411987305,2.0395,2.8598,2.2909
2024-09-14,,,2.0401,2.8604,2.2521
2024-09-17,2.0018999576568604,2.136699914932251,2.0575,2.8778,2.2668
2024-09-18,2.010699987411499,2.1475000381469727,2.0859,2.9061,2.3092
2024-09-19,2.059999942779541,2.171999931335449,2.0969,2.9172,2.3237
2024-09-20,2.036400079727173,2.1614999771118164,2.1336,2.9538,2.3485
2024-09-21,,,2.1205,2.9408,2.3363
2024-09-24,2.0297000408172607,2.180500030517578,2.0788,2.899,2.3192
2024-09-25,1.999899983406067,2.1602001190185547,2.1008,2.921,2.3465
2024-09-26,1.961300015449524,2.1361000537872314,2.078,2.8982,2.3302
2024-09-27,1.9529999494552612,2.132699966430664,2.0418,2.8621,2.3043
2024-09-28,,,2.0485,2.8688,2.3113
2024-10-01,1.966599941253662,2.1742000579833984,2.0637,2.884,2.3104
2024-10-02,1.9859000444412231,2.1821000576019287,2.0689,2.8891,2.3264
2024-10-03,2.092600107192993,2.2946999073028564,2.0845,2.9047,2.3385
2024-10-04,2.0957999229431152,2.312700033187866,2.1973,3.0175,2.4469
2024-10-05,,,2.1837,3.004,2.4692
2024-10-08,2.0680999755859375,2.2971999645233154,2.25,3.0703,2.5528
2024-10-10,2.150899887084961,2.3508999347686768,2.1642,2.9844,2.4254
2024-10-11,2.151599884033203,2.343899965286255,2.2296,3.0498,2.5059
2024-10-12,,,2.2342,3.0545,2.5013
2024-10-15,2.0376999378204346,2.187700033187866,2.1941,3.0144,2.4383
2024-10-16,2.040299892425537,2.1747000217437744,2.1306,2.9509,2.3553
2024-10-17,2.046799898147583,2.194499969482422,2.127,2.9472,2.3441
2024-10-18,2.002000093460083,2.1521999835968018,2.1108,2.931,2.3642
2024-10-19,,,2.0719,2.8922,2.3168
2024-10-22,2.071500062942505,2.236999988555908,2.0559,2.8762,2.3559
2024-10-23,2.0413999557495117,2.22160005569458,2.11,2.9302,2.3911
2024-10-24,2.0276999473571777,2.2023000717163086,2.0853,2.9055,2.3673
2024-10-25,2.0785000324249268,2.238100051879883,2.0454,2.8656,2.3626
2024-10-26,,,2.0784,2.8986,2.3861
2024-10-29,1.951799988746643,2.133699893951416,1.988,2.8082,2.2754
2024-10-30,1.9957000017166138,2.1875998973846436,1.9865,2.8068,2.3
2024-10-31,2.003499984741211,2.2195000648498535,2.0183,2.8386,2.3439
2024-11-01,1.9665000438690186,2.2342000007629395,2.0429,2.8632,2.3887
2024-11-02,,,2.0471,2.8673,2.3771
2024-11-05,2.044600009918213,2.3041999340057373,2.0961,2.9164,2.417
2024-11-06,2.035399913787842,2.2699999809265137,2.1131,2.9334,2.4514
2024-11-08,2.012500047683716,2.2388999462127686,2.0969,2.9172,2.4312
2024-11-09,,,2.0522,2.8724,2.4007
2024-11-12,1.9643000364303589,2.2107999324798584,2.0011,2.8214,2.3483
2024-11-13,1.9651000499725342,2.2193000316619873,1.999,2.8192,2.3647
2024-11-14,1.9816999435424805,2.2123000621795654,2.0162,2.8365,2.3708
2024-11-15,1.9493000507354736,2.1709001064300537,2.024,2.8443,2.3635
2024-11-16,,,1.9896,2.8098,2.3211
2024-11-19,2.0376999378204346,2.2402000427246094,2.0267,2.847,2.4016
2024-11-20,2.045799970626831,2.226300001144409,2.0194,2.8397,2.3968
2024-11-21,2.0594000816345215,2.274399995803833,2.0102,2.8305,2.3703
2024-11-22,2.0613999366760254,2.274899959564209,2.0307,2.8509,2.4347
2024-11-23,,,2.0333,2.8536,2.4371
2024-11-26,1.9917999505996704,2.2404000759124756,1.9736,2.7938,2.3992
2024-11-27,1.9733999967575073,2.2035999298095703,1.9734,2.7936,2.3933
2024-11-28,,,1.9583,2.7785,2.3313
2024-12-03,1.962399959564209,2.2177000045776367,1.9601,2.7804,2.3169
2024-12-04,1.9391000270843506,2.1673998832702637,1.9892,2.8094,2.3539
2024-12-05,1.9325000047683716,2.1556999683380127,1.9519,2.7722,2.3029
2024-12-06,1.9062000513076782,2.1326000690460205,1.9512,2.7714,2.2845
2024-12-07,,,1.9362,2.7565,2.2581
2024-12-10,1.9567999839782715,2.1861000061035156,1.9929,2.8132,2.3004
2024-12-11,1.98580002784729,2.223299980163574,1.9977,2.8179,2.3076
2024-12-12,1.9884999990463257,2.236599922180176,2.0139,2.8341,2.3496
2024-12-13,2.001800060272217,2.2699999809265137,2.0185,2.8388,2.3641
2024-12-14,,,2.0299,2.8501,2.404
2024-12-16,1.9757000207901,2.2639999389648438,2.0199,2.8401,2.4091
2024-12-18,1.9428000450134277,2.255000114440918,1.9933,2.8136,2.37
2024-12-19,1.9227999448776245,2.2376999855041504,2.0098,2.8301,2.4032
2024-12-20,1.94159996509552,2.2316999435424805,2.001,2.8213,2.3634
2024-12-21,,,2.0154,2.8357,2.3664
2024-12-23,1.9383000135421753,2.226300001144409,2.0169,2.8372,2.3572
2024-12-25,,,2.0399,2.8602,2.3541
2024-12-26,1.9457999467849731,2.2053000926971436,2.0266,2.8469,2.3401
2024-12-27,1.9581999778747559,2.244800090789795,2.0379,2.8581,2.3811
2024-12-31,2.001499891281128,2.3206000328063965,2.0513,2.8716,2.4386
2025-01-03,2.0536999702453613,2.3478000164031982,2.107,2.9273,2.4913
2025-01-04,,,2.1047,2.925,2.485
2025-01-06,2.0355000495910645,2.3552000522613525,2.0943,2.9145,2.491
2025-01-07,2.026599884033203,2.366300106048584,2.0834,2.9037,2.4916
2025-01-08,2.010200023651123,2.3506999015808105,2.0798,2.9001,2.4796
2025-01-09,2.0283000469207764,2.378200054168701,2.0953,2.9156,2.5044
2025-01-10,2.074899911880493,2.501699924468994,2.131,2.9513,2.616
2025-01-13,2.1003000736236572,2.5332999229431152,2.146,2.9663,2.6359
2025-01-15,2.158900022506714,2.6135001182556152,2.1545,2.9748,2.6299
2025-01-16,2.123199939727783,2.6171998977661133,2.1888,3.009,2.7084
2025-01-17,2.1122000217437744,2.621000051498413,2.1593,2.9796,2.7172
2025-01-18,,,2.1544,2.9747,2.7465
2025-01-22,2.057800054550171,2.4842000007629395,2.1452,2.9655,2.6651
2025-01-23,2.0655999183654785,2.4714999198913574,2.1185,2.9387,2.5856
2025-01-24,2.0490000247955322,2.516200065612793,2.1334,2.9536,2.5777
2025-01-27,2.0281999111175537,2.4600000381469727,2.0949,2.9151,2.5351
2025-01-29,2.0357000827789307,2.4539999961853027,2.1148,2.9351,2.5337
2025-01-30,2.037400007247925,2.475399971008301,2.1008,2.921,2.5448
2025-01-31,2.0364999771118164,2.484499931335449,2.0999,2.9201,2.5565
2025-02-01,,,2.0955,2.9158,2.5514
2025-02-04,2.0989999771118164,2.429800033569336,2.1427,2.9629,2.5978
2025-02-05,2.0506999492645264,2.384200096130371,2.109,2.9292,2.527
2025-02-07,2.1050000190734863,2.430799961090088,2.1305,2.9508,2.5542
2025-02-08,,,2.1542,2.9745,2.5904
2025-02-11,2.1473000049591064,2.5146000385284424,2.1524,2.9727,2.5862
2025-02-12,2.089600086212158,2.4519999027252197,2.1913,3.0116,2.654
2025-02-13,2.1106998920440674,2.448699951171875,2.155,2.9753,2.5826
2025-02-14,2.089900016784668,2.4618000984191895,2.173,2.9932,2.5762
2025-02-15,,,2.1675,2.9878,2.5936
2025-02-19,2.0864999294281006,2.4565000534057617,2.1683,2.9886,2.5665
2025-02-20,2.0864999294281006,2.5034000873565674,2.1702,2.9905,2.5831
2025-02-21,2.026700019836426,2.432300090789795,2.1723,2.9925,2.6121
2025-02-25,1.9673000574111938,2.3903000354766846,2.1119,2.9322,2.5459
2025-02-26,1.9488999843597412,2.3443000316619873,2.0746,2.8949,2.4927
2025-02-28,1.9702999591827393,2.3548998832702637,2.1049,2.9252,2.5265
2025-03-01,,,2.081,2.9013,2.496
2025-03-04,2.194200038909912,2.2871999740600586,2.0529,2.8731,2.4175
2025-03-05,2.13700008392334,2.240799903869629,2.0661,2.8864,2.4446
2025-03-07,2.1087000370025635,2.2160000801086426,2.0525,2.8727,2.3804
2025-03-08,,,2.0818,2.9021,2.3715
2025-03-11,2.1050000190734863,2.1967999935150146,2.0554,2.8757,2.3274
2025-03-12,2.150099992752075,2.2063000202178955,2.0801,2.9004,2.3425
2025-03-13,2.1331000328063965,2.1621999740600586,2.1191,2.9393,2.349
2025-03-14,2.148699998855591,2.166599988937378,2.11,2.9302,2.3037
2025-03-15,,,2.1305,2.9508,2.3072
2025-03-18,2.1684000492095947,2.194499969482422,2.1319,2.9521,2.3429
2025-03-19,2.169600009918213,2.2318999767303467,2.1243,2.9445,2.3297
2025-03-20,2.1910998821258545,2.254300117492676,2.1276,2.9479,2.3579
2025-03-21,2.1953999996185303,2.2495999336242676,2.1524,2.9727,2.3743
2025-03-22,,,2.1492,2.9694,2.3702
2025-03-25,2.208699941635132,2.285900115966797,2.1383,2.9586,2.3884
2025-03-26,2.232800006866455,2.2887001037597656,2.1849,3.0052,2.4199
2025-03-29,,,2.1884,3.0086,2.395
2025-04-02,2.3310000896453857,2.322000026702881,2.2615,3.0817,2.4507
2025-04-03,2.164299964904785,2.1888999938964844,2.2739,3.0942,2.4844
2025-04-04,2.054500102996826,2.081899881362915,2.0692,2.8894,2.2517
2025-04-08,1.9914000034332275,2.056999921798706,2.0328,2.8531,2.2355
2025-04-09,2.0383999347686768,2.113600015640259,1.9872,2.8075,2.206
2025-04-10,1.961300015449524,2.0464000701904297,2.0347,2.855,2.2674
2025-04-11,1.9990999698638916,2.0652999877929688,1.9893,2.8095,2.2104
2025-04-15,2.024399995803833,2.078399896621704,2.0066,2.8268,2.2332
2025-04-16,2.0434000492095947,2.1154000759124756,2.0156,2.8359,2.2146
2025-04-17,2.09879994392395,2.1522998809814453,2.029,2.8492,2.2476
2025-04-18,,,2.0716,2.8919,2.2855
2025-04-22,2.099600076675415,2.1486001014709473,2.0575,2.8778,2.239
2025-04-23,2.083899974822998,2.1268999576568604,2.0792,2.8994,2.2654
2025-04-24,2.1057000160217285,2.143699884414673,2.0797,2.9,2.2636
2025-04-26,,,2.0889,2.9092,2.274
2025-04-29,2.071199893951416,2.1203999519348145,2.0745,2.8948,2.2576
2025-04-30,2.0369999408721924,2.0367000102996826,2.0483,2.8686,2.226
2025-05-01,2.0492000579833984,2.01200008392334,2.0192,2.8395,2.1562
2025-05-02,2.01990008354187,1.9931999444961548,2.0427,2.863,2.164
2025-05-03,,,2.0288,2.849,2.1448
2025-05-06,2.064500093460083,2.0088000297546387,2.0224,2.8426,2.1237
2025-05-07,2.0278000831604004,1.9766000509262085,2.0469,2.8671,2.1523
2025-05-08,2.085400104522705,2.0399999618530273,2.0199,2.8401,2.1174
2025-05-09,2.1084001064300537,2.0664000511169434,2.0603,2.8805,2.186
2025-05-12,2.1331000328063965,2.1110999584198,2.087,2.9072,2.2553
2025-05-14,2.1700000762939453,2.2060999870300293,2.1121,2.9324,2.3145
2025-05-16,2.1417999267578125,2.1405999660491943,2.0791,2.8993,2.2988
2025-05-17,,,2.0857,2.9059,2.2639
2025-05-20,2.152100086212158,2.1289000511169434,2.0832,2.9035,2.2497
2025-05-21,2.1498000621795654,2.1391000747680664,2.0873,2.9076,2.2438
2025-05-22,2.131200075149536,2.117500066757202,2.0857,2.9059,2.2473
2025-05-23,2.1092000007629395,2.10479998588562,2.0729,2.8932,2.2251
2025-05-28,2.089200019836426,2.088099956512451,2.0361,2.8563,2.1916
2025-05-30,2.0383999347686768,2.017199993133545,2.0205,2.8407,2.1732
2025-05-31,,,2.0086,2.8289,2.1384
2025-06-03,2.0787999629974365,2.099900007247925,2.0327,2.853,2.1754
2025-06-04,2.0339999198913574,2.0701000690460205,2.0554,2.8757,2.2336
2025-06-05,2.0629000663757324,2.0945000648498535,2.0119,2.8321,2.2004
2025-06-06,2.0768001079559326,2.1252999305725098,2.0208,2.841,2.2262
2025-06-07,,,2.0341,2.8544,2.2584
2025-06-10,2.0880000591278076,2.1415998935699463,2.0429,2.8632,2.2762
2025-06-11,2.166800022125244,2.2053000926971436,2.041,2.8613,2.2669
2025-06-12,2.142899990081787,2.188699960708618,2.1081,2.9283,2.3294
2025-06-13,2.22760009765625,2.3587000370025635,2.0911,2.9114,2.3136
2025-06-14,,,2.1562,2.9764,2.4837
2025-06-17,2.271899938583374,2.5051000118255615,2.1449,2.9652,2.5163
2025-06-18,2.3085999488830566,2.533400058746338,2.188,3.0082,2.6234
2025-06-19,,,2.2053,3.0255,2.6535
2025-06-20,2.3294999599456787,2.541800022125244,2.2128,3.033,2.6473
2025-06-24,2.085700035095215,2.285099983215332,2.1282,2.9485,2.4773
2025-06-25,2.08240008354187,2.2964000701904297,2.0223,2.8425,2.3871
2025-06-26,2.0989999771118164,2.360100030899048,2.0175,2.8378,2.3917
2025-06-27,2.0897998809814453,2.3071999549865723,2.0321,2.8524,2.4381
2025-06-28,,,2.0315,2.8518,2.3822
2025-07-01,2.1003000736236572,2.326900005340576,2.0403,2.8606,2.4267
2025-07-02,2.1229000091552734,2.4117000102996826,2.0653,2.8856,2.4698
2025-07-03,2.1185998916625977,2.369800090789795,2.0863,2.9065,2.5541
2025-07-08,2.184999942779541,2.4412999153137207,2.1067,2.927,2.5621
2025-07-09,2.1879000663757324,2.4091999530792236,2.1368,2.9571,2.5856
2025-07-10,2.152400016784668,2.383500099182129,2.1392,2.9595,2.547
2025-07-11,2.187000036239624,2.4474000930786133,2.1085,2.9287,2.5233
2025-07-12,,,2.1345,2.9547,2.5867
2025-07-14,2.1654000282287598,2.3898000717163086,2.1191,2.9393,2.5193
2025-07-15,2.169600009918213,2.4052000045776367,2.1142,2.9345,2.5299
2025-07-16,2.1440000534057617,2.3914999961853027,2.0917,2.9119,2.5142
2025-07-18,2.15339994430542,2.453000068664551,2.116,2.9362,2.5992
2025-07-21,2.1319000720977783,2.509200096130371,2.0871,2.9073,2.6291
2025-07-22,2.101900100708008,2.4518001079559326,2.0682,2.8884,2.5723
2025-07-23,2.121299982070923,2.4489998817443848,2.0802,2.9005,2.5716
2025-07-25,2.0969998836517334,2.4061999320983887,2.0751,2.8954,2.5368
2025-07-28,2.135200023651123,2.4265999794006348,2.0969,2.9172,2.5467
2025-07-30,2.2690999507904053,2.4184999465942383,2.1494,2.9696,2.5857
2025-07-31,2.21560001373291,2.3994998931884766,2.1741,2.9943,2.5414
2025-08-02,,,2.0919,2.9121,2.4348
2025-08-04,2.1022000312805176,2.3176000118255615,2.0824,2.9027,2.4566
2025-08-05,2.0915000438690186,2.250200033187866,2.0752,2.8955,2.3851
2025-08-07,2.077500104904175,2.2667999267578125,2.0613,2.8815,2.3995
2025-08-08,2.0861001014709473,2.2792999744415283,2.0506,2.8709,2.4188
2025-08-11,2.0766000747680664,2.2909998893737793,2.0401,2.8604,2.4306
2025-08-12,2.074399948120117,2.2441000938415527,2.0369,2.8571,2.38
2025-08-13,2.0703999996185303,2.242799997329712,2.0333,2.8536,2.381
2025-08-14,2.1092000007629395,2.234499931335449,2.0635,2.8838,2.373
2025-08-15,2.072499990463257,2.2249999046325684,2.0459,2.8661,2.3659
2025-08-18,2.0987000465393066,2.240299940109253,2.0711,2.8913,2.3819
2025-08-19,2.0889999866485596,2.2511000633239746,2.0632,2.8834,2.3903
2025-08-20,2.1282999515533447,2.279599905014038,2.1021,2.9223,2.42
2025-08-21,2.1596999168395996,2.3250999450683594,2.1255,2.9457,2.4667
2025-08-22,2.1584999561309814,2.3080999851226807,2.134,2.9542,2.4488
2025-08-25,2.1482999324798584,2.3475000858306885,2.1325,2.9527,2.4854
2025-08-26,2.122299909591675,2.2804999351501465,2.1008,2.921,2.4153
2025-08-27,2.148900032043457,2.295300006866455,2.1083,2.9285,2.4301
2025-08-28,2.1991000175476074,2.309799909591675,2.1375,2.9578,2.4501
2025-08-29,2.1875998973846436,2.266700029373169,2.1307,2.951,2.4086
2025-09-02,2.042799949645996,2.3743999004364014,2.2062,3.0264,2.5161
2025-09-03,2.01200008392334,2.3608999252319336,2.1723,2.9925,2.5039
2025-09-04,2.009500026702881,2.330699920654297,2.1436,2.9639,2.4743
2025-09-05,1.9642000198364258,2.2869999408721924,2.1093,2.9295,2.4337
2025-09-08,1.9586000442504883,2.3118999004364014,2.11,2.9302,2.4666
2025-09-09,1.9924999475479126,2.3199000358581543,2.1301,2.9504,2.47
2025-09-10,2.007999897003174,2.333699941635132,2.1358,2.9561,2.484
2025-09-11,1.9793000221252441,2.281899929046631,2.0967,2.917,2.4331
2025-09-12,1.9853999614715576,2.2899999618530273,2.1021,2.9223,2.4446
2025-09-16,2.041599988937378,2.3935000896453857,2.1178,2.938,2.483
2025-09-17,2.028700113296509,2.35479998588562,2.1322,2.9524,2.5052
2025-09-18,2.011399984359741,2.3399999141693115,2.1055,2.9258,2.493
2025-09-19,1.9707000255584717,2.2988998889923096,2.0686,2.8888,2.4492
2025-09-23,1.9990999698638916,2.328000068664551,2.0765,2.8967,2.4428
2025-09-24,2.0188000202178955,2.37719988822937,2.0964,2.9167,2.5223
2025-09-25,2.00219988822937,2.426500082015991,2.0988,2.9191,2.574
2025-09-27,,,2.1319,2.9521,2.5783
2025-09-29,1.9951000213623047,2.356600046157837,2.0849,2.9051,2.5119
2025-09-30,1.9729000329971313,2.3324999809265137,2.0628,2.883,2.4779
2025-10-01,1.8859000205993652,2.3018999099731445,2.0549,2.8751,2.4544
2025-10-02,1.8509999513626099,2.243499994277954,2.0189,2.8392,2.3912
2025-10-03,1.8604999780654907,2.236299991607666,2.0311,2.8513,2.388
2025-10-07,1.8939000368118286,2.2653000354766846,2.0637,2.884,2.3975
2025-10-08,1.909500002861023,2.291300058364868,2.0619,2.8821,2.4493
2025-10-09,1.882599949836731,2.2802999019622803,2.0259,2.8462,2.4391
2025-10-10,1.8203999996185303,2.204400062561035,1.9741,2.7943,2.3572
2025-10-14,1.8286000490188599,2.1975998878479004,1.9903,2.8105,2.4031
2025-10-16,1.8116999864578247,2.1535000801086426,1.9242,2.7444,2.3131
2025-10-17,1.8377000093460083,2.180000066757202,1.9189,2.7391,2.3107
2025-10-20,1.830199956893921,2.1921000480651855,1.9093,2.7295,2.3139
2025-10-21,1.8252999782562256,2.2058000564575195,1.8891,2.7094,2.3258
2025-10-22,1.8650000095367432,2.2495999336242676,1.9258,2.746,2.375
2025-10-23,1.926900029182434,2.4030001163482666,1.9342,2.7544,2.5209
2025-10-24,1.922700047492981,2.40310001373291,1.9372,2.7575,2.5234
2025-10-27,1.9204000234603882,2.4361000061035156,1.957,2.7772,2.5553
2025-10-28,1.9251999855041504,2.387200117111206,1.9512,2.7714,2.5111
2025-10-29,1.9737000465393066,2.424299955368042,1.9733,2.7935,2.5418
2025-10-30,2.0034000873565674,2.4600000381469727,1.9771,2.7974,2.549
2025-10-31,1.9931000471115112,2.4312000274658203,1.9898,2.81,2.5378
2025-11-03,1.916100025177002,2.4052999019622803,2.0151,2.8353,2.5441
2025-11-04,1.9227999448776245,2.4446001052856445,2.006,2.8262,2.5721
2025-11-05,1.9092999696731567,2.432499885559082,1.9937,2.814,2.547
2025-11-06,1.9656000137329102,2.4960999488830566,2.0481,2.8684,2.621
2025-11-07,1.9402999877929688,2.482100009918213,2.0135,2.8337,2.5962
2025-11-10,1.9710999727249146,2.5104000568389893,2.0279,2.8481,2.6255
2025-11-11,2.01200008392334,2.575700044631958,2.0669,2.8872,2.6708
2025-11-12,1.955399990081787,2.481600046157837,2.0234,2.8437,2.5755
2025-11-13,1.9596999883651733,2.4646999835968018,2.0466,2.8668,2.5672
2025-11-14,2.0116000175476074,2.531100034713745,2.0532,2.8734,2.632
2025-11-17,1.9901000261306763,2.546999931335449,2.0397,2.86,2.6705
2025-11-18,1.9993000030517578,2.7011001110076904,2.0281,2.8483,2.764
2025-11-19,1.9321000576019287,2.635699987411499,1.9447,2.765,2.701
2025-11-20,1.9184000492095947,2.5332999229431152,1.9332,2.7534,2.6049
2025-11-21,1.8833999633789062,2.456399917602539,1.8885,2.7088,2.5644
2025-11-24,1.8966000080108643,2.406100034713745,1.8848,2.705,2.4943
2025-11-25,1.857200026512146,2.353800058364868,1.8743,2.6946,2.4408
2025-11-26,1.8890000581741333,2.325500011444092,1.9031,2.7233,2.4024
2025-12-01,1.868899941444397,2.3399999141693115,1.9206,2.7409,2.4047
2025-12-02,1.830299973487854,2.312700033187866,1.8848,2.705,2.3731
2025-12-03,1.8272000551223755,2.300800085067749,1.8786,2.6988,2.3687
2025-12-04,1.8271000385284424,2.3036999702453613,1.8692,2.6894,2.3771
2025-12-05,1.8341000080108643,2.3629000186920166,1.8702,2.6904,2.4272
2025-12-08,1.7980999946594238,2.2981998920440674,1.835,2.6553,2.3548
2025-12-09,1.7897000312805176,2.2600998878479004,1.8262,2.6465,2.3296
2025-12-10,1.781499981880188,2.2730000019073486,1.8209,2.6411,2.3401
2025-12-11,1.7597999572753906,2.2288999557495117,1.7945,2.6148,2.2909
2025-12-12,1.7520999908447266,2.197999954223633,1.7924,2.6127,2.2566
2025-12-15,1.732300043106079,2.1805999279022217,1.7764,2.5967,2.2393
2025-12-16,1.680899977684021,2.1285998821258545,1.7425,2.5627,2.1869
2025-12-17,1.6943000555038452,2.1494998931884766,1.7483,2.5685,2.2301
2025-12-18,1.701300024986267,2.1315999031066895,1.7713,2.5916,2.2239
2025-12-19,1.7081999778747559,2.1219000816345215,1.7855,2.6058,2.2196
2025-12-22,1.7422000169754028,2.158099889755249,1.8068,2.627,2.2527
2025-12-23,1.7431999444961548,2.1905999183654785,1.8106,2.6309,2.2835
2025-12-24,1.7470999956130981,2.157599925994873,1.8194,2.6397,2.2567
2025-12-29,1.7151999473571777,2.127500057220459,1.7958,2.616,2.2435
2025-12-30,1.7209999561309814,2.1505000591278076,1.8064,2.6266,2.2731
2025-12-31,1.705399990081787,2.1205999851226807,1.7881,2.6083,2.2296
2026-01-02,1.698199987411499,2.1150999069213867,1.7672,2.5874,2.2292
2026-01-05,1.7200000286102295,2.1428000926971436,1.7862,2.6065,2.2571
2026-01-06,1.700600028038025,2.0829999446868896,1.7627,2.583,2.1986
2026-01-07,1.6944999694824219,2.0566999912261963,1.7444,2.5647,2.1761
2026-01-08,1.7603000402450562,2.119499921798706,1.8072,2.6274,2.2439
2026-01-09,1.7805999517440796,2.134999990463257,1.8281,2.6483,2.256
2026-01-12,1.7937999963760376,2.154400110244751,1.8404,2.6607,2.2727
2026-01-13,1.8265000581741333,2.2383999824523926,1.8556,2.6759,2.3542
2026-01-14,1.830399990081787,2.281899929046631,1.8516,2.6718,2.3835
2026-01-15,1.7838000059127808,2.2083001136779785,1.8057,2.6259,2.3085
2026-01-16,1.7851999998092651,2.237600088119507,1.8027,2.623,2.3321
2026-01-20,1.823799967765808,2.3385000228881836,1.8464,2.6666,2.4106
2026-01-21,1.8573999404907227,2.430500030517578,1.8716,2.6919,2.4649
2026-01-22,1.817199945449829,2.36680006980896,1.8439,2.6641,2.3987
2026-01-23,1.8509999513626099,2.428499937057495,1.8635,2.6838,2.4353
2026-01-27,1.8652000427246094,2.646199941635132,1.8361,2.6563,2.4305
2026-01-28,1.892300009727478,2.666100025177002,1.8591,2.6794,2.4797
2026-01-29,1.9199999570846558,2.585400104522705,1.8687,2.6889,2.4962
2026-02-03,1.8978999853134155,2.4093000888824463,1.8361,2.6563,2.4023
2026-02-04,1.9651999473571777,2.4700000286102295,1.9288,2.7491,2.486
2026-02-05,1.9265999794006348,2.393199920654297,1.8938,2.714,2.429
2026-02-06,1.9531999826431274,2.413300037384033,1.9148,2.7351,2.4413
2026-02-09,1.9854999780654907,2.4168999195098877,1.9394,2.7597,2.4262
2026-02-10,1.9592000246047974,2.3987998962402344,1.9237,2.7439,2.4306
2026-02-11,1.9788999557495117,2.4403998851776123,1.9417,2.7619,2.4702
2026-02-12,1.9158999919891357,2.392699956893921,1.8905,2.7108,2.4201
2026-02-14,,,1.889,2.7093,2.4178
2026-02-17,1.9143999814987183,2.3905999660491943,1.8814,2.7017,2.4331
2026-02-18,1.968000054359436,2.518699884414673,1.9127,2.733,2.5476
2026-02-19,2.0065999031066895,2.6147000789642334,1.9359,2.7562,2.6023
2026-02-20,1.9973000288009644,2.5857999324798584,1.928,2.7483,2.5748
2026-02-23,1.9891999959945679,2.6782000064849854,1.9205,2.7408,2.601
2026-02-24,1.9714000225067139,2.6868999004364014,1.8981,2.7184,2.5993
2026-02-25,1.9914000034332275,2.6740000247955322,1.9009,2.7211,2.6292
2026-02-26,2.0322999954223633,2.612499952316284,2.05,2.8703,2.6342
2026-02-27,2.077899932861328,2.6709001064300537,2.0827,2.903,2.688
2026-03-02,2.3705999851226807,2.900399923324585,2.1384,2.9587,2.9922
2026-03-03,2.45740008354187,3.1868999004364014,2.2114,3.0317,3.3001
2026-03-04,2.514899969100952,3.293800115585327,2.2542,3.0744,3.5124
2026-03-05,2.6709001064300537,3.614300012588501,2.3669,3.1871,3.8437
2026-03-06,2.7465999126434326,3.6224000453948975,2.3982,3.2184,3.7531
2026-03-09,2.8083999156951904,3.5866000652313232,2.5273,3.3476,3.6833
2026-03-10,2.6403000354766846,3.34660005569458,2.4653,3.2856,3.4301
2026-03-12,2.964600086212158,3.898900032043457,2.6055,3.4257,3.7179
2026-03-13,3.0413999557495117,4.014699935913086,2.8453,3.6655,4.1024
2026-03-16,3.0002999305725098,3.8375000953674316,2.8378,3.658,3.9409
2026-03-17,3.1233999729156494,4.0157999992370605,2.9166,3.7368,4.1088
2026-03-18,3.0985000133514404,4.197800159454346,2.9116,3.7319,4.2999
2026-03-19,3.1270999908447266,4.3420000076293945,2.9084,3.7286,4.3901
2026-03-20,3.2862000465393066,4.608399868011475,2.9946,3.8149,4.4882
2026-03-23,2.974900007247925,4.056000232696533,2.7617,3.582,3.9854
2026-03-24,3.1480000019073486,4.290900230407715,2.9706,3.7909,4.3394
2026-03-25,3.012399911880493,4.00629997253418,2.856,3.6763,4.0454
2026-03-26,3.130199909210205,4.273399829864502,2.9891,3.8093,4.3305
2026-03-27,3.2500998973846436,4.495500087738037,3.0914,3.9117,4.545
2026-03-30,3.3515000343322754,4.364299774169922,3.186,4.0063,4.5393
2026-03-31,3.312299966812134,4.163400173187256,3.1718,3.992,4.3743
2026-04-01,3.091399908065796,4.05679988861084,3.0559,3.8762,4.2963
2026-04-02,3.2880001068115234,4.361100196838379,3.216,4.0363,4.6789
2026-04-06,3.308199882507324,4.328400135040283,3.2374,4.0576,4.6701
2026-04-07,3.3052000999450684,4.477399826049805,3.2056,4.0258,4.7508
2026-04-08,3.0058999061584473,3.8083999156951904,2.9563,3.7765,4.0759
2026-04-09,3.000699996948242,3.937000036239624,2.9409,3.7611,4.1606
2026-04-10,3.0373001098632812,3.7616000175476074,2.9574,3.7776,3.9612
2026-04-13,3.115999937057495,3.8341000080108643,3.007,3.8272,4.0143
2026-04-14,3.0394999980926514,3.624300003051758,2.9359,3.7562,3.8171
2026-04-15,3.069200038909912,3.753200054168701,2.959,3.7792,3.9071
2026-04-16,3.1637001037597656,3.832900047302246,3.0113,3.8316,3.9797
2026-04-17,3.0048000812530518,3.39739990234375,2.8645,3.6848,3.5589
2026-04-20,3.11680006980896,3.5408999919891357,2.9481,3.7683,3.7215
2026-04-21,3.2098000049591064,3.728800058364868,3.0378,3.858,3.8879
2026-04-22,3.3578999042510986,3.9379000663757324,3.16,3.9803,4.0983
2026-04-23,3.462100028991699,3.9881999492645264,3.2153,4.0356,4.1267
2026-04-25,,,3.2153,4.0356,4.06
2026-04-27,3.490999937057495,3.9746999740600586,3.2527,4.0729,4.1245
2026-04-28,3.5604000091552734,3.9711999893188477,3.3232,4.1435,4.1213
2026-04-30,3.7715001106262207,4.138400077819824,3.4598,4.28,4.3333
2026-05-01,3.5952000617980957,3.9463999271392822,3.4634,4.2837,4.1686
2026-05-04,3.7381999492645264,4.073200225830078,3.5683,4.3886,4.3025
2026-05-05,3.6205999851226807,4.030200004577637,3.4637,4.284,4.2621
2026-05-06,3.4593000411987305,3.785599946975708,3.3494,4.1696,4.0053
2026-05-07,3.4560000896453857,3.8166000843048096,3.3439,4.1642,4.0252
2026-05-08,3.526700019836426,3.8991000652313232,3.4059,4.2261,4.1496
2026-05-11,3.5998001098632812,3.968600034713745,3.4806,4.3009,4.179
2026-05-12,3.697700023651123,4.15880012512207,3.5673,4.3876,4.3626
2026-05-13,3.6187000274658203,3.9667000770568848,3.466,4.2863,4.1478
2026-05-14,3.6057000160217285,3.905600070953369,3.4596,4.2798,4.0783
2026-05-15,3.701900005340576,4.053400039672852,3.5173,4.3375,4.1951
2026-05-18,3.760699987411499,4.114500045776367,3.561,4.3813,4.2595
2026-05-19,3.696199893951416,4.162499904632568,3.5179,4.3381,4.321
2026-05-20,3.4874000549316406,3.9470999240875244,3.3289,4.1492,4.0883
2026-05-21,3.3796000480651855,3.8315999507904053,3.2296,4.0498,3.9674
2026-05-22,3.4539,3.8878,3.2848,4.1050,4.0235
2026-05-26,3.1448,3.6170,3.1039,3.9242,3.8638
2026-05-27,3.0659,3.5185,3.0170,3.8373,3.7414
2026-05-28,3.1059,3.5563,3.0425,3.8628,3.7821
2026-05-29,3.0332,3.4840,2.9927,3.8130,3.7527
2026-06-01,3.0858,3.6455,3.0375,3.8577,3.8785
2026-06-02,3.1448,3.7000,3.0726,3.8929,3.9264
2026-06-03,3.1315,3.8481,3.0412,3.8615,4.0807
2026-06-04,3.0416,3.6776,2.9704,3.7907,3.8819
2026-06-05,3.0448,3.5842,2.9835,3.8038,3.7915
2026-06-08,3.0706,3.5888,2.9934,3.8137,3.8042
2026-06-09,3.0211,3.5418,2.9541,3.7744,3.7590
2026-06-10,3.1099,3.6126,3.0072,3.8274,3.8368
2026-06-11,3.1014,3.5257,2.9687,3.7890,3.7350
2026-06-12,3.0498,3.4000,2.9153,3.7356,3.6351
2026-06-15,2.9472,3.2665,2.8282,3.6484,3.4954
2026-06-16,2.8805,3.1741,2.7328,3.5530,3.3635
2026-06-17,2.9096,3.1946,2.7525,3.5728,3.3831
2026-06-18,2.9949,3.1273,2.8314,3.6517,3.3378
2026-06-22,3.0009,3.107,2.8168,3.6371,3.2987
2026-06-23,2.9431,3.1606,2.7868,3.6071,3.3803
2026-06-24,2.8691,3.1560,2.7501,3.5703,3.3662
2026-06-25,3.0068,3.2853,2.8337,3.6540,3.4672
2026-06-26,2.8257,3.0964,2.7703,3.5906,3.3492
2026-06-29,2.8989,3.1840,2.8237,3.6440,3.4593
2026-06-30,2.8965,3.2310,2.8178,3.6381,3.4406
2026-07-01,2.9519,3.2244,2.8603,3.6805,3.4274
2026-07-02,2.9191,3.1825,2.8076,3.6279,3.3772
2026-07-06,3.0005,3.2984,2.8658,3.6861,3.4882
2026-07-07,2.9572,3.3084,2.8056,3.6258,3.4774
2026-07-08,3.1058,3.6507,2.9036,3.7239,3.8450
2026-07-09,3.0405,3.5690,2.8413,3.6616,3.7648
2026-07-10,2.9865,3.5538,2.8023,3.6226,3.7373
2026-07-13,3.1598,3.8318,2.9628,3.7831,4.0171
2026-07-14,3.2273,4.0143,3.0107,3.831,4.1825
2026-07-15,3.3025,3.9850,3.0625,3.8827,4.1213
2026-07-16,3.3057,4.0723,3.0255,3.8458,4.2133
2026-07-17,3.3910,4.0780,3.0710,3.8912,4.2130
2026-07-20,3.3951,4.1093,3.0814,3.9017,4.2517
2026-07-21,3.4056,4.1337,3.1012,3.9214,4.3042
2026-07-22,3.4201,4.1515,3.1052,3.9255,4.3230
2026-07-23,3.4930,4.3570,3.1655,3.9857,4.5057
2026-07-24,3.3972,4.1812,3.1107,3.9309,4.3637
