timestamp,file_name,line_count,sha256
2026-05-26T14:06:35.504706,graves_history.csv,768,4198865aa856ed462fc0f629e0f0d617f5dcb04bf7c53c1ba083cbe3d93e144e
2026-05-26T14:06:35.504809,config.json,49,114f8e353caf3140c7358e73f8a1681b6df24714f794e06d152f2b55530bb163
2026-05-26T14:06:35.504849,metrics_cache.json,44,945648dcb47ef97c548a26605e58bb4c8afa1224e9eeaf540e40e5e113f6ee28
2026-05-26T20:42:49.321495,prediction_log.csv,1294,6e18cb5ba456d11e064bb57f14f8c136b43d8c9c3e5d60d3c558f616e1096c71
2026-05-27T01:57:24.738520,metrics_cache.json,44,d7a282e10a2cc342a168feb37be5f561d409b872d0d837409f8c1386f603e2ff
2026-05-27T01:57:32.976510,metrics_cache.json,44,75b66be7b43b5e6afc82633f123751d7007bd3e168f8367a23656a14df676a47
2026-05-27T01:57:37.587282,metrics_cache.json,44,9499b57a3891ccec10f78b3313d84cf1a969fb8ae235bae8c7bae3eaa1f8fc82
2026-05-26T21:03:27.144061,metrics_cache.json,44,bf8b14644e86aa6502cd97d79ff76fe2804c88b9a9cf92663abcff067ec9cb6d
2026-05-26T21:03:36.915058,metrics_cache.json,44,9ac02687a38c1d08c3d264b2d2bae3d09274eac2fae7b8c9388ceea441319da5
2026-05-26T21:03:39.662521,metrics_cache.json,44,204273795be3d208dd02531515c433cd1efa4194bbfe09dbdc76e25d1c9c65fd
2026-05-26T21:03:45.775623,metrics_cache.json,44,98cb9a813b9422d671ed13f2e07d7073bfd0eb1dca4dd74c41e5191d8917fa7c
2026-05-27T02:04:30.047030,metrics_cache.json,44,554dd0128989e51a2ea11a202383a84cf61d157f4b88738326a49939124af68f
2026-05-27T02:04:34.165999,metrics_cache.json,44,7f2601ed12a1cb9c91674e0f04587fb8cc5d0ee433eafad4d50a6d4430b293ae
2026-05-26T21:06:31.651799,metrics_cache.json,44,49f8ffd9df6c32ea940d12af795eb568569c2303c88801a3f7998653c0804a8a
2026-05-27T10:43:29.718706,prediction_log.csv,1295,0ebf12335765ffd3fa78ea73ecb952a61f587f3d7861c0dacb8e7b7193ff66a7
2026-05-27T11:02:35.063471,metrics_cache.json,44,4219ce1b026c6133f524348234b383b456e5742699884af23126d79f4db097b0
2026-05-27T16:03:16.611463,metrics_cache.json,44,49f8ffd9df6c32ea940d12af795eb568569c2303c88801a3f7998653c0804a8a
2026-05-27T11:05:47.730536,metrics_cache.json,44,4219ce1b026c6133f524348234b383b456e5742699884af23126d79f4db097b0
2026-05-27T20:12:11.686904,metrics_cache.json,44,ece5ba9326ec5ea689906fa67e945b0c2cd3f907c4af2180f38d52754ba09420
2026-05-27T20:12:14.980106,metrics_cache.json,44,41894220f33b8fef93aa8391647ada12a4d40a3d6dc2544c21c4e4977fc99ec2
2026-05-27T20:13:34.741857,graves_history.csv,769,b7694e2769981a2a469738f9084ed9c244ddfb00b2855a6bc5ea5e534ae32f2b
2026-05-28T01:14:29.035601,metrics_cache.json,44,632a0e63fe841a2ef302d912def68a3c1ba362513db7f22865f8d735fae7708b
2026-05-27T20:24:43.713692,metrics_cache.json,44,ee4212b727f83557cd400932700e94af89c001473f697a75980191ea49cac38e
2026-05-27T20:31:46.530406,metrics_cache.json,44,41894220f33b8fef93aa8391647ada12a4d40a3d6dc2544c21c4e4977fc99ec2
2026-05-27T20:32:01.997107,metrics_cache.json,44,632a0e63fe841a2ef302d912def68a3c1ba362513db7f22865f8d735fae7708b
2026-05-27T20:35:28.769023,metrics_cache.json,44,41894220f33b8fef93aa8391647ada12a4d40a3d6dc2544c21c4e4977fc99ec2
2026-05-28T01:36:11.682943,metrics_cache.json,44,632a0e63fe841a2ef302d912def68a3c1ba362513db7f22865f8d735fae7708b
2026-05-27T21:16:38.207685,metrics_cache.json,44,4cdb7077f9f7d5b7bddfb02004b466d98d5d81210c3223d8456df3e53a0643d1
2026-05-27T21:16:52.431181,metrics_cache.json,44,94129fbbf62fdac7c34e8efc6c9f17d8ae24350086c579773b90eaa781b4ddcc
2026-05-27T21:16:55.566497,metrics_cache.json,44,2eaaef67e21aec9a2dbfc72f436e4a3c154e94143b9a8840a096899d10f5312e
2026-05-28T02:17:40.856892,metrics_cache.json,44,4c38b9cbd0f6ce2f0f7c40a87fc67a2776cd57751cacc15fb80f391297fb26d7
2026-05-28T02:17:52.822050,metrics_cache.json,44,e32708c53dea8cc4ba42b71854c0e9e9ad1df63b04d4352bee58d62fa207078e
2026-05-28T02:17:56.851264,metrics_cache.json,44,208c757e0abd97eff2a99ba0eae9d8c01ada3647aa0c0ccbd35f7bda5c4b1705
2026-05-27T21:22:20.231232,metrics_cache.json,44,34f7052985fcfbea7ffc3a2515287ee4d9dc55dac38b017fe046e91060f77065
2026-05-27T21:22:38.367687,metrics_cache.json,44,0e04d682fb6615c538c110fdd54e89ff44bd61ca9d6bacf2db97cb9798734b65
2026-05-27T21:22:42.828250,metrics_cache.json,44,d8dbd380b2082ae9edc376d5a1decc2d27d40f6b0b7720308dccd3f2dc53a104
2026-05-28T02:23:39.549199,graves_history.csv,770,204a47298df8a9b130a6aee93d6418b0a9ea5db683f570ad89d4cda1c2a1b0de
2026-05-28T02:26:36.554546,metrics_cache.json,44,fe019e62e88a7657ac236c303715bedc86e34da48884fa0d3edb651375398802
2026-05-28T02:26:46.831818,metrics_cache.json,44,5be658558bd126e51539b5627ed879aa4d2249fe72ea05b09ac7a2bc06c85b91
2026-05-28T02:26:51.501215,metrics_cache.json,44,86f2fbbdce8810e4de56d1bcdf09772c219f5a7863eda5ac60deda59e64455eb
2026-05-28T17:54:25.915684,metrics_cache.json,44,61152da7c5338ae84900e5bad48f01c98b43de97fc36de7b57d6d05c7623ef8d
2026-05-28T17:54:34.886140,metrics_cache.json,44,ecc6d8b10c7c5ab0aa0d5b0d1aa6738fc0282e061590c7feb9efe4fc2bd71080
2026-05-28T17:54:39.629846,metrics_cache.json,44,9cfb2e51365383c9e6199ea66e5ce8b8cec6d541a93d81ac385f961ec23dc661
2026-05-28T21:53:41.622140,metrics_cache.json,44,eb2ad00e0621c16fb2ef0990ad87e535ffeddc23ee39b68d7e9a606dd109baf6
2026-05-28T21:53:49.526965,metrics_cache.json,44,f2c30a3aafeb31f3c118c27aba3f8bcdb0bd22816626a6774bcbb3f708ea0d3b
2026-05-28T21:53:54.135298,metrics_cache.json,44,d020fd95b9989c82752d4dd31dc6514b21e1e6397a0f0c9a6898a92bbd25e5d2
2026-05-28T22:09:22.842964,metrics_cache.json,44,1cc90d8286b146dd8d3317cb11f1a3b044d9469b0b6fa46194474b33475a7b5b
2026-05-28T17:30:38.180231,prediction_log.csv,1296,9dbf163afaf41dcb241bf799eb9ba97415f4f20d10838194fd6bb57aa4562d54
2026-05-28T17:30:49.043648,metrics_cache.json,44,b61d66ce8a039c8c4d166d1fa03e4f53151b7b84c8ff474077890545b8fbf3c9
2026-05-28T22:31:29.400354,metrics_cache.json,44,1cc90d8286b146dd8d3317cb11f1a3b044d9469b0b6fa46194474b33475a7b5b
2026-05-29T01:00:27.142014,metrics_cache.json,44,ab5365f522e3031cbe5e44a8f192aeb62a84561883e708b4a47e144e97910cc4
2026-05-29T01:00:35.855453,metrics_cache.json,44,5809658bd773710a72131b581f9993142eb37a320124e7713b1efb3a36818dd4
2026-05-29T01:00:40.627034,metrics_cache.json,44,2a3a47dfd2eddd0e234c3e0f46b6080f008f3f4f44cdf0e247d82149d9a672a5
2026-05-28T19:58:32.849639,metrics_cache.json,44,ab5365f522e3031cbe5e44a8f192aeb62a84561883e708b4a47e144e97910cc4
2026-05-29T01:17:17.638231,metrics_cache.json,44,7991afcd831d290febb89f31991642ab083ae0331ec596fa72234db306e501c9
2026-05-29T01:58:35.359842,metrics_cache.json,44,494ab4910bdb38435cd33528ffe86d40adf5156631bf5169f17eabb3a5a56742
2026-05-29T01:58:39.279556,metrics_cache.json,44,1598bb5e98c420292730e597fe3907000954889bb9e1a03a4b1cba8b68c80e70
2026-05-29T01:58:45.782580,metrics_cache.json,44,1946384db915e3e1dfa6868794e96af51782ee82b9550734d797cfb8907c23a2
2026-05-29T01:58:50.528166,graves_history.csv,771,6a8b1b29a84ca25002ed0bb3626e1d750f3b1072521aacba22a57776160c77b3
2026-05-30T00:00:40.475337,metrics_cache.json,44,3b5609f74a645e47d48b6cb1b084ffb87c83ecc681c7ab3da98b05b203c1866b
2026-05-30T00:00:42.174942,graves_history.csv,772,82ac8c474defdf26e92f85dd035d13ea6f754d22eac4a7f647a13b3d875e8b62
2026-05-30T19:34:27.497752,metrics_cache.json,44,44b5305615efa6d99c2f849536abe03e0ccb69bb67366dde619746409eabb29f
2026-05-30T19:34:36.569772,metrics_cache.json,44,2cb9e938b5b1a26d6a5b98f97631dddb998952b5f2a2875907d820213975d584
2026-05-30T19:34:41.079602,metrics_cache.json,44,ab3514e95b77b78ddfa07540e4201bd6c27f81f9281dff10f130ff44ca1b990b
2026-05-30T19:38:00.264118,metrics_cache.json,44,92d2bcf8445dec151832bc0789055bc1c45607dcf03770edfbf01da08e307da6
2026-05-30T19:38:09.712467,metrics_cache.json,44,be4a35faba08457efaed7f09a33370f37a24dcd90d490acc0a48695dbff352a9
2026-05-30T19:38:14.169245,metrics_cache.json,44,5acf00d758c6891c2ee3bf9e323b07cb71f05f2f73f649d9d2f3faef7462abf9
2026-05-30T19:42:32.178211,metrics_cache.json,44,fb20959d525ff653bc129d35eb07a4e3e582406bc2ee76cf0f36ac7927ce91ca
2026-05-30T19:42:32.179466,prediction_log.csv,1297,042836623bcf247b38f63138fa7a053c9966a782697deaacf673c036c19908fa
2026-05-30T19:42:42.499889,metrics_cache.json,44,d93da734c6a482be3d01e688445cedc13b53d63c2666f861d8a80ef19a029cd9
2026-05-30T19:42:47.803505,metrics_cache.json,44,f9046df2c93ff46ce23e6f9a687bab584018a8e752237faee5d5f9282d97bd4d
2026-06-02T00:00:36.893345,graves_history.csv,773,e8d36323fae99161cbfe96894a716abb34b528e8a542a04708d4978ae743e9af
2026-06-03T00:01:05.938023,metrics_cache.json,44,4262d2d5e8c84730089bf0df0203934933786c68cefc59673329e9610193f2b8
2026-06-03T00:01:07.872250,graves_history.csv,774,6e53217cb969d5d6dc1277f22fa770c302e3609c22c8bd4bddd47c32279fb9dd
2026-06-03T02:25:34.500874,metrics_cache.json,44,376e92124424798f5a08051cafb5effef3be487f0531ca3e35ee6de2fd5cf299
2026-06-03T02:25:41.122432,metrics_cache.json,44,d65f3ff6c4cd28662a439d2dee566335b4e29d511b0564322a9811a7b415d5be
2026-06-03T02:25:44.955595,metrics_cache.json,44,6b2725f48b8d49fec658514ca9aec187f1e1c70343ad6795130ff088999a7f09
2026-06-04T00:00:40.435797,graves_history.csv,775,ef656ed17c7173cb874474a962bbea642261246615590121d613d71e9be42403
2026-06-05T01:01:08.329416,metrics_cache.json,44,0581ad3e738ef7a407e57b8c8a72ce7a65a0c8f8b15afca6a86ff267e42dc178
2026-06-05T01:01:11.116651,graves_history.csv,776,50d762e4789587681673521c7d694cb79f20c4e29bc8feea807d5472827e19b0
2026-06-06T00:00:34.880198,metrics_cache.json,44,2616cdd386199d4ce5e25760b1a662eed4d9c9ad9d9869571e86d669f53409a3
2026-06-06T00:00:36.958099,graves_history.csv,777,ffd972417d9b78a11b5958799c5bd05a44c24cd254f101d8b3fac306a0ff3e5c
