timestamp,commodity,predicted_direction,nymex_move_cents,lag_used,window_used,threshold_used,actual_next_day_move_cents,prediction_source
2026-05-21T14:35:00-05:00,RB,DROP,-10.78,0,120,-0.76,-9.93,live
2026-05-21T14:35:00-05:00,HO,DROP,-11.55,0,120,-2.48,-12.09,live
2026-05-22T22:47:08.163954-05:00,RB,HIKE,20.0,0,120,1.95,5.52,live
2023-03-08T14:35:00-05:00,RB,DROP,-1.18,0,120,-1.0,-6.68,backfill
2023-03-08T14:35:00-05:00,HO,DROP,-5.56,0,120,-1.0,-8.52,backfill
2023-03-09T14:35:00-05:00,RB,DROP,-8.38,0,120,-1.0,1.64,backfill
2023-03-09T14:35:00-05:00,HO,DROP,-7.3,0,120,-1.0,-6.08,backfill
2023-03-10T14:35:00-05:00,RB,HIKE,4.07,0,120,1.0,-8.55,backfill
2023-03-10T14:35:00-05:00,HO,HIKE,10.4,0,120,1.0,-6.79,backfill
2023-03-14T14:35:00-05:00,RB,FLAT,,0,120,0.0,-6.64,backfill
2023-03-14T14:35:00-05:00,HO,FLAT,,0,120,0.0,-0.95,backfill
2023-03-15T14:35:00-05:00,RB,DROP,-11.46,0,120,-1.0,0.79,backfill
2023-03-15T14:35:00-05:00,HO,DROP,-10.95,0,120,-1.0,-4.82,backfill
2023-03-16T14:35:00-05:00,RB,HIKE,6.51,0,120,1.0,-8.9,backfill
2023-03-16T14:35:00-05:00,HO,HIKE,3.86,0,120,1.0,-13.87,backfill
2023-03-17T14:35:00-05:00,RB,FLAT,-0.2,0,120,0.0,7.58,backfill
2023-03-17T14:35:00-05:00,HO,HIKE,3.52,0,120,1.0,3.66,backfill
2023-03-21T14:35:00-05:00,RB,FLAT,,0,120,0.0,1.78,backfill
2023-03-21T14:35:00-05:00,HO,FLAT,,0,120,0.0,0.04,backfill
2023-03-22T14:35:00-05:00,RB,HIKE,5.43,0,120,1.0,-2.77,backfill
2023-03-22T14:35:00-05:00,HO,HIKE,5.01,0,120,1.0,1.08,backfill
2023-03-23T14:35:00-05:00,RB,HIKE,1.27,0,120,1.0,6.29,backfill
2023-03-23T14:35:00-05:00,HO,DROP,-5.56,0,120,-1.0,3.21,backfill
2023-03-24T14:35:00-05:00,RB,DROP,-1.74,0,120,-1.0,-0.78,backfill
2023-03-24T14:35:00-05:00,HO,HIKE,1.05,0,120,1.0,-4.74,backfill
2023-03-28T14:35:00-05:00,RB,FLAT,,0,120,0.0,8.23,backfill
2023-03-28T14:35:00-05:00,HO,FLAT,,0,120,0.0,9.33,backfill
2023-03-29T14:35:00-05:00,RB,DROP,-4.4,0,120,-1.0,0.49,backfill
2023-03-29T14:35:00-05:00,HO,DROP,-11.15,0,120,-1.0,-4.23,backfill
2023-03-30T14:35:00-05:00,RB,FLAT,-0.67,0,120,0.0,-5.98,backfill
2023-03-30T14:35:00-05:00,HO,DROP,-3.44,0,120,-1.0,-10.84,backfill
2023-03-31T14:35:00-05:00,RB,HIKE,3.91,0,120,1.0,-1.06,backfill
2023-03-31T14:35:00-05:00,HO,HIKE,5.26,0,120,1.0,-0.99,backfill
2023-04-04T14:35:00-05:00,RB,FLAT,,0,120,0.0,7.74,backfill
2023-04-04T14:35:00-05:00,HO,FLAT,,0,120,0.0,4.0,backfill
2023-04-05T14:35:00-05:00,RB,HIKE,8.3,0,120,1.0,-1.77,backfill
2023-04-05T14:35:00-05:00,HO,HIKE,6.43,0,120,1.0,1.22,backfill
2023-04-06T14:35:00-05:00,RB,FLAT,-0.68,0,120,0.0,7.71,backfill
2023-04-06T14:35:00-05:00,HO,DROP,-7.05,0,120,-1.0,5.2,backfill
2023-04-11T14:35:00-05:00,RB,FLAT,,0,120,0.0,-0.62,backfill
2023-04-11T14:35:00-05:00,HO,FLAT,,0,120,0.0,2.32,backfill
2023-04-12T14:35:00-05:00,RB,FLAT,0.75,0,120,0.0,4.92,backfill
2023-04-12T14:35:00-05:00,HO,HIKE,3.49,0,120,1.0,-2.61,backfill
2023-04-13T14:35:00-05:00,RB,DROP,-4.1,0,120,-1.0,-3.0,backfill
2023-04-13T14:35:00-05:00,HO,DROP,-3.03,0,120,-1.0,2.86,backfill
2023-04-14T14:35:00-05:00,RB,FLAT,0.42,0,120,0.0,-3.05,backfill
2023-04-14T14:35:00-05:00,HO,DROP,-3.36,0,120,-1.0,-4.28,backfill
2023-04-18T14:35:00-05:00,RB,FLAT,,0,120,0.0,-4.33,backfill
2023-04-18T14:35:00-05:00,HO,FLAT,,0,120,0.0,-2.07,backfill
2023-04-19T14:35:00-05:00,RB,DROP,-10.54,0,120,-1.0,-4.15,backfill
2023-04-19T14:35:00-05:00,HO,DROP,-4.22,0,120,-1.6,-1.71,backfill
2023-04-20T14:35:00-05:00,RB,DROP,-5.91,0,120,-0.99,-9.38,backfill
2023-04-20T14:35:00-05:00,HO,DROP,-6.28,0,120,-1.6,-4.52,backfill
2023-04-21T14:35:00-05:00,RB,HIKE,1.52,0,120,1.0,-3.99,backfill
2023-04-21T14:35:00-05:00,HO,FLAT,-0.63,0,120,0.0,-6.41,backfill
2023-04-25T14:35:00-05:00,RB,FLAT,,0,120,0.0,2.82,backfill
2023-04-25T14:35:00-05:00,HO,FLAT,,0,120,0.0,4.56,backfill
2023-04-26T14:35:00-05:00,RB,DROP,-3.92,0,120,-1.02,-6.08,backfill
2023-04-26T14:35:00-05:00,HO,DROP,-7.81,0,120,-1.6,-8.09,backfill
2023-04-27T14:35:00-05:00,RB,DROP,-1.66,0,120,-1.04,-3.36,backfill
2023-04-27T14:35:00-05:00,HO,DROP,-1.88,0,120,-1.6,-7.02,backfill
2023-04-28T14:35:00-05:00,RB,HIKE,4.52,0,120,1.0,-2.68,backfill
2023-04-28T14:35:00-05:00,HO,HIKE,2.45,0,120,1.0,-1.93,backfill
2023-05-02T14:35:00-05:00,RB,FLAT,,0,120,0.0,3.44,backfill
2023-05-02T14:35:00-05:00,HO,FLAT,,0,120,0.0,1.74,backfill
2023-05-03T14:35:00-05:00,RB,DROP,-11.36,0,120,-1.06,-10.94,backfill
2023-05-03T14:35:00-05:00,HO,DROP,-5.69,0,120,-1.49,-7.66,backfill
2023-05-09T14:35:00-05:00,RB,FLAT,,0,120,0.0,9.07,backfill
2023-05-09T14:35:00-05:00,HO,FLAT,,0,120,0.0,6.48,backfill
2023-05-10T14:35:00-05:00,RB,HIKE,1.5,0,120,1.0,-0.93,backfill
2023-05-10T14:35:00-05:00,HO,FLAT,0.32,0,120,0.0,0.76,backfill
2023-05-11T14:35:00-05:00,RB,DROP,-3.72,0,120,-1.06,1.24,backfill
2023-05-11T14:35:00-05:00,HO,DROP,-4.39,0,120,-1.49,1.03,backfill
2023-05-12T14:35:00-05:00,RB,DROP,-2.75,0,120,-1.06,-7.04,backfill
2023-05-12T14:35:00-05:00,HO,DROP,-4.4,0,120,-1.49,-3.69,backfill
2023-05-16T14:35:00-05:00,RB,FLAT,,0,120,0.0,5.5,backfill
2023-05-16T14:35:00-05:00,HO,FLAT,,0,120,0.0,7.64,backfill
2023-05-17T14:35:00-05:00,RB,HIKE,9.01,0,120,1.0,-0.71,backfill
2023-05-17T14:35:00-05:00,HO,HIKE,5.87,0,120,1.0,-1.93,backfill
2023-05-18T14:35:00-05:00,RB,FLAT,-0.09,0,120,0.0,9.39,backfill
2023-05-18T14:35:00-05:00,HO,DROP,-2.0,0,120,-1.55,5.69,backfill
2023-05-19T14:35:00-05:00,RB,FLAT,0.78,0,120,0.0,-0.82,backfill
2023-05-19T14:35:00-05:00,HO,DROP,-4.04,0,120,-1.55,-3.8,backfill
2023-05-23T14:35:00-05:00,RB,FLAT,,0,120,0.0,2.73,backfill
2023-05-23T14:35:00-05:00,HO,FLAT,,0,120,0.0,-0.03,backfill
2023-05-24T14:35:00-05:00,RB,HIKE,5.9,0,120,1.0,1.92,backfill
2023-05-24T14:35:00-05:00,HO,HIKE,5.2,0,120,1.0,-0.67,backfill
2023-05-25T14:35:00-05:00,RB,DROP,-4.77,0,120,-1.08,4.86,backfill
2023-05-25T14:35:00-05:00,HO,DROP,-6.75,0,120,-1.6,5.23,backfill
2023-05-26T14:35:00-05:00,RB,HIKE,2.99,0,120,1.0,-7.97,backfill
2023-05-26T14:35:00-05:00,HO,HIKE,2.31,0,120,1.0,-6.66,backfill
2023-05-31T14:35:00-05:00,RB,FLAT,,0,120,0.0,-10.44,backfill
2023-05-31T14:35:00-05:00,HO,FLAT,,0,120,0.0,-9.2,backfill
2023-06-01T14:35:00-05:00,RB,DROP,-12.37,0,120,-1.08,-4.0,backfill
2023-06-01T14:35:00-05:00,HO,HIKE,5.51,0,120,1.0,-1.63,backfill
2023-06-02T14:35:00-05:00,RB,HIKE,6.45,0,120,1.0,0.91,backfill
2023-06-02T14:35:00-05:00,HO,HIKE,4.22,0,120,1.0,6.0,backfill
2023-06-06T14:35:00-05:00,RB,FLAT,,0,120,0.0,3.51,backfill
2023-06-06T14:35:00-05:00,HO,FLAT,,0,120,0.0,1.32,backfill
2023-06-07T14:35:00-05:00,RB,HIKE,7.69,0,120,1.0,0.68,backfill
2023-06-07T14:35:00-05:00,HO,HIKE,3.4,0,120,1.0,-1.13,backfill
2023-06-08T14:35:00-05:00,RB,DROP,-2.85,0,120,-1.08,5.31,backfill
2023-06-08T14:35:00-05:00,HO,FLAT,-1.2,0,120,0.0,3.19,backfill
2023-06-09T14:35:00-05:00,RB,DROP,-1.95,0,120,-1.08,-4.81,backfill
2023-06-09T14:35:00-05:00,HO,DROP,-2.88,0,120,-1.6,-1.27,backfill
2023-06-13T14:35:00-05:00,RB,FLAT,,0,120,0.0,-9.16,backfill
2023-06-13T14:35:00-05:00,HO,FLAT,,0,120,0.0,-5.31,backfill
2023-06-14T14:35:00-05:00,RB,FLAT,-0.33,0,120,0.0,3.27,backfill
2023-06-14T14:35:00-05:00,HO,DROP,-3.78,0,120,-1.55,8.8,backfill
2023-06-15T14:35:00-05:00,RB,HIKE,8.71,0,120,1.0,-2.8,backfill
2023-06-15T14:35:00-05:00,HO,HIKE,12.19,0,120,1.0,-3.93,backfill
2023-06-16T14:35:00-05:00,RB,HIKE,3.88,0,120,1.0,10.47,backfill
2023-06-16T14:35:00-05:00,HO,HIKE,7.18,0,120,1.0,12.4,backfill
2023-06-21T14:35:00-05:00,RB,FLAT,,0,120,0.0,-5.13,backfill
2023-06-21T14:35:00-05:00,HO,FLAT,,0,120,0.0,-7.25,backfill
2023-06-22T14:35:00-05:00,RB,DROP,-7.4,0,120,-1.1,-0.33,backfill
2023-06-22T14:35:00-05:00,HO,DROP,-9.87,0,120,-1.55,8.34,backfill
2023-06-23T14:35:00-05:00,RB,DROP,-3.29,0,120,-1.13,-6.52,backfill
2023-06-23T14:35:00-05:00,HO,DROP,-5.84,0,120,-1.55,-12.83,backfill
2023-06-27T14:35:00-05:00,RB,FLAT,,0,120,0.0,4.48,backfill
2023-06-27T14:35:00-05:00,HO,FLAT,,0,120,0.0,4.44,backfill
2023-06-28T14:35:00-05:00,RB,HIKE,8.66,0,120,1.02,-4.34,backfill
2023-06-28T14:35:00-05:00,HO,FLAT,0.77,0,120,0.0,-6.7,backfill
2023-06-29T14:35:00-05:00,RB,HIKE,1.43,0,120,1.02,4.92,backfill
2023-06-29T14:35:00-05:00,HO,FLAT,0.89,0,120,0.0,1.85,backfill
2023-06-30T14:35:00-05:00,RB,HIKE,1.63,0,120,1.04,3.15,backfill
2023-06-30T14:35:00-05:00,HO,HIKE,3.26,0,120,0.9,0.09,backfill
2023-07-06T14:35:00-05:00,RB,FLAT,,0,120,0.0,-3.51,backfill
2023-07-06T14:35:00-05:00,HO,FLAT,,0,120,0.0,4.83,backfill
2023-07-07T14:35:00-05:00,RB,HIKE,4.55,0,120,1.07,3.03,backfill
2023-07-07T14:35:00-05:00,HO,HIKE,7.97,0,120,0.92,-1.81,backfill
2023-07-11T14:35:00-05:00,RB,FLAT,,0,120,0.0,0.05,backfill
2023-07-11T14:35:00-05:00,HO,FLAT,,0,120,0.0,-1.06,backfill
2023-07-12T14:35:00-05:00,RB,HIKE,4.43,0,120,1.08,2.79,backfill
2023-07-12T14:35:00-05:00,HO,HIKE,1.59,0,120,0.92,2.06,backfill
2023-07-13T14:35:00-05:00,RB,HIKE,1.16,0,120,1.09,1.36,backfill
2023-07-13T14:35:00-05:00,HO,HIKE,1.08,0,120,0.95,0.6,backfill
2023-07-14T14:35:00-05:00,RB,DROP,-3.49,0,120,-1.15,1.99,backfill
2023-07-14T14:35:00-05:00,HO,FLAT,-1.25,0,120,0.0,0.14,backfill
2023-07-18T14:35:00-05:00,RB,FLAT,,0,120,0.0,-0.83,backfill
2023-07-18T14:35:00-05:00,HO,FLAT,,0,120,0.0,-2.6,backfill
2023-07-19T14:35:00-05:00,RB,HIKE,2.61,0,120,1.06,5.55,backfill
2023-07-19T14:35:00-05:00,HO,HIKE,4.24,0,120,0.97,3.51,backfill
2023-07-20T14:35:00-05:00,RB,HIKE,2.27,0,120,1.06,2.53,backfill
2023-07-20T14:35:00-05:00,HO,HIKE,2.26,0,120,0.98,4.04,backfill
2023-07-21T14:35:00-05:00,RB,HIKE,5.86,0,120,1.07,4.27,backfill
2023-07-21T14:35:00-05:00,HO,HIKE,8.13,0,120,0.99,2.14,backfill
2023-07-25T14:35:00-05:00,RB,FLAT,,0,120,0.0,8.17,backfill
2023-07-25T14:35:00-05:00,HO,FLAT,,0,120,0.0,2.64,backfill
2023-07-26T14:35:00-05:00,RB,HIKE,5.39,0,120,1.07,-2.45,backfill
2023-07-26T14:35:00-05:00,HO,HIKE,6.53,0,120,1.0,1.1,backfill
2023-07-27T14:35:00-05:00,RB,HIKE,4.33,0,120,1.07,4.16,backfill
2023-07-27T14:35:00-05:00,HO,HIKE,7.4,0,120,1.0,6.76,backfill
2023-07-28T14:35:00-05:00,RB,FLAT,0.53,0,120,0.0,5.67,backfill
2023-07-28T14:35:00-05:00,HO,HIKE,4.17,0,120,1.01,7.91,backfill
2023-08-01T14:35:00-05:00,RB,FLAT,,0,120,0.0,0.23,backfill
2023-08-01T14:35:00-05:00,HO,FLAT,,0,120,0.0,2.95,backfill
2023-08-02T14:35:00-05:00,RB,DROP,-9.72,0,120,-1.15,-4.2,backfill
2023-08-02T14:35:00-05:00,HO,DROP,-1.91,0,120,-1.58,3.94,backfill
2023-08-03T14:35:00-05:00,RB,FLAT,-1.11,0,120,0.0,-9.35,backfill
2023-08-03T14:35:00-05:00,HO,HIKE,7.06,0,120,1.02,-2.39,backfill
2023-08-04T14:35:00-05:00,RB,HIKE,1.84,0,120,1.05,-1.4,backfill
2023-08-04T14:35:00-05:00,HO,FLAT,-1.27,0,120,0.0,6.95,backfill
2023-08-08T14:35:00-05:00,RB,FLAT,,0,120,0.0,2.63,backfill
2023-08-08T14:35:00-05:00,HO,FLAT,,0,120,0.0,-5.14,backfill
2023-08-09T14:35:00-05:00,RB,HIKE,8.33,0,120,1.05,3.95,backfill
2023-08-09T14:35:00-05:00,HO,HIKE,12.14,0,120,1.02,7.76,backfill
2023-08-10T14:35:00-05:00,RB,DROP,-2.37,0,120,-1.15,6.63,backfill
2023-08-10T14:35:00-05:00,HO,DROP,-5.37,0,120,-1.58,12.08,backfill
2023-08-11T14:35:00-05:00,RB,HIKE,6.02,0,120,1.06,-1.72,backfill
2023-08-11T14:35:00-05:00,HO,DROP,-3.18,0,120,-1.58,-6.23,backfill
2023-08-15T14:35:00-05:00,RB,FLAT,,0,120,0.0,-4.83,backfill
2023-08-15T14:35:00-05:00,HO,FLAT,,0,120,0.0,-3.56,backfill
2023-08-16T14:35:00-05:00,RB,HIKE,1.95,0,120,1.06,-5.69,backfill
2023-08-16T14:35:00-05:00,HO,FLAT,-0.71,0,120,0.0,-6.16,backfill
2023-08-17T14:35:00-05:00,RB,DROP,-4.54,0,120,-1.15,1.83,backfill
2023-08-17T14:35:00-05:00,HO,HIKE,7.29,0,120,1.04,-0.31,backfill
2023-08-18T14:35:00-05:00,RB,FLAT,0.15,0,120,0.0,-2.81,backfill
2023-08-18T14:35:00-05:00,HO,HIKE,6.59,0,120,1.04,7.69,backfill
2023-08-22T14:35:00-05:00,RB,FLAT,,0,120,0.0,-3.65,backfill
2023-08-22T14:35:00-05:00,HO,FLAT,,0,120,0.0,-5.37,backfill
2023-08-23T14:35:00-05:00,RB,DROP,-2.03,0,120,-1.15,0.74,backfill
2023-08-23T14:35:00-05:00,HO,FLAT,-0.97,0,120,0.0,1.6,backfill
2023-08-24T14:35:00-05:00,RB,HIKE,1.12,0,120,1.06,1.21,backfill
2023-08-24T14:35:00-05:00,HO,HIKE,2.73,0,120,1.06,-1.45,backfill
2023-08-25T14:35:00-05:00,RB,HIKE,9.64,0,120,1.04,1.4,backfill
2023-08-25T14:35:00-05:00,HO,HIKE,15.11,0,120,1.06,2.78,backfill
2023-08-29T14:35:00-05:00,RB,FLAT,,0,120,0.0,-6.49,backfill
2023-08-29T14:35:00-05:00,HO,FLAT,,0,120,0.0,-10.76,backfill
2023-08-30T14:35:00-05:00,RB,HIKE,1.87,0,120,1.04,0.67,backfill
2023-08-30T14:35:00-05:00,HO,DROP,-11.33,0,120,-1.38,0.24,backfill
2023-08-31T14:35:00-05:00,RB,DROP,-4.28,0,120,-1.21,2.46,backfill
2023-08-31T14:35:00-05:00,HO,HIKE,4.64,0,120,1.09,-11.31,backfill
2023-09-01T14:35:00-05:00,RB,DROP,-17.52,0,120,-1.21,-7.54,backfill
2023-09-01T14:35:00-05:00,HO,DROP,-3.76,0,120,-1.29,5.05,backfill
2023-09-06T14:35:00-05:00,RB,FLAT,,0,120,0.0,-2.86,backfill
2023-09-06T14:35:00-05:00,HO,FLAT,,0,120,0.0,10.69,backfill
2023-09-07T14:35:00-05:00,RB,HIKE,2.16,0,120,1.04,1.15,backfill
2023-09-07T14:35:00-05:00,HO,HIKE,1.96,0,120,1.09,-3.48,backfill
2023-09-08T14:35:00-05:00,RB,HIKE,3.07,0,120,1.05,3.47,backfill
2023-09-08T14:35:00-05:00,HO,HIKE,8.68,0,120,1.09,2.18,backfill
2023-09-12T14:35:00-05:00,RB,FLAT,,0,120,0.0,5.33,backfill
2023-09-12T14:35:00-05:00,HO,FLAT,,0,120,0.0,6.19,backfill
2023-09-13T14:35:00-05:00,RB,FLAT,1.05,0,120,0.0,-0.89,backfill
2023-09-13T14:35:00-05:00,HO,HIKE,10.71,0,120,1.09,-4.45,backfill
2023-09-14T14:35:00-05:00,RB,FLAT,0.43,0,120,0.0,1.11,backfill
2023-09-14T14:35:00-05:00,HO,HIKE,4.61,0,120,1.09,10.93,backfill
2023-09-15T14:35:00-05:00,RB,DROP,-3.46,0,120,-1.21,-0.64,backfill
2023-09-15T14:35:00-05:00,HO,DROP,-9.81,0,120,-1.25,3.76,backfill
2023-09-19T14:35:00-05:00,RB,FLAT,,0,120,0.0,-1.54,backfill
2023-09-19T14:35:00-05:00,HO,FLAT,,0,120,0.0,-9.58,backfill
2023-09-20T14:35:00-05:00,RB,DROP,-3.89,0,120,-1.24,-3.42,backfill
2023-09-20T14:35:00-05:00,HO,DROP,-4.71,0,120,-1.25,8.11,backfill
2023-09-21T14:35:00-05:00,RB,FLAT,0.07,0,120,0.0,-2.02,backfill
2023-09-21T14:35:00-05:00,HO,HIKE,4.12,0,120,1.09,-6.16,backfill
2023-09-22T14:35:00-05:00,RB,DROP,-5.81,0,120,-1.25,0.78,backfill
2023-09-22T14:35:00-05:00,HO,DROP,-6.18,0,120,-1.19,5.51,backfill
2023-09-26T14:35:00-05:00,RB,FLAT,,0,120,0.0,-2.02,backfill
2023-09-26T14:35:00-05:00,HO,FLAT,,0,120,0.0,-4.68,backfill
2023-09-27T14:35:00-05:00,RB,HIKE,3.64,0,120,1.04,1.08,backfill
2023-09-27T14:35:00-05:00,HO,HIKE,9.09,0,120,1.09,-3.93,backfill
2023-09-28T14:35:00-05:00,RB,DROP,-9.33,0,120,-1.4,3.72,backfill
2023-09-28T14:35:00-05:00,HO,FLAT,0.33,0,120,0.0,9.2,backfill
2023-09-29T14:35:00-05:00,RB,DROP,-6.54,0,120,-1.4,-6.18,backfill
2023-09-29T14:35:00-05:00,HO,HIKE,4.42,0,120,1.0,1.44,backfill
2023-10-03T14:35:00-05:00,RB,FLAT,,0,120,0.0,1.52,backfill
2023-10-03T14:35:00-05:00,HO,FLAT,,0,120,0.0,-9.78,backfill
2023-10-04T14:35:00-05:00,RB,DROP,-16.21,0,120,-1.44,-7.26,backfill
2023-10-04T14:35:00-05:00,HO,DROP,-17.76,0,120,-1.14,-2.74,backfill
2023-10-05T14:35:00-05:00,RB,FLAT,-0.9,0,120,0.0,-13.15,backfill
2023-10-05T14:35:00-05:00,HO,DROP,-14.91,0,120,-1.14,-17.28,backfill
2023-10-06T14:35:00-05:00,RB,FLAT,0.32,0,120,0.0,-1.17,backfill
2023-10-06T14:35:00-05:00,HO,HIKE,3.21,0,120,1.01,-16.72,backfill
2023-10-10T14:35:00-05:00,RB,FLAT,,0,120,0.0,2.09,backfill
2023-10-10T14:35:00-05:00,HO,FLAT,,0,120,0.0,6.16,backfill
2023-10-11T14:35:00-05:00,RB,DROP,-4.83,0,120,-1.4,0.5,backfill
2023-10-11T14:35:00-05:00,HO,DROP,-2.16,0,120,-1.09,4.86,backfill
2023-10-12T14:35:00-05:00,RB,DROP,-4.51,0,120,-1.4,-5.37,backfill
2023-10-12T14:35:00-05:00,HO,HIKE,4.64,0,120,1.01,-4.47,backfill
2023-10-13T14:35:00-05:00,RB,HIKE,10.03,0,120,1.05,-4.22,backfill
2023-10-13T14:35:00-05:00,HO,HIKE,16.68,0,120,1.01,5.46,backfill
2023-10-17T14:35:00-05:00,RB,FLAT,,0,120,0.0,1.08,backfill
2023-10-17T14:35:00-05:00,HO,FLAT,,0,120,0.0,-6.48,backfill
2023-10-18T14:35:00-05:00,RB,HIKE,6.9,0,120,1.05,1.23,backfill
2023-10-18T14:35:00-05:00,HO,DROP,-3.74,0,120,-1.28,0.56,backfill
2023-10-19T14:35:00-05:00,RB,FLAT,0.82,0,120,0.0,6.35,backfill
2023-10-19T14:35:00-05:00,HO,HIKE,3.37,0,120,1.02,-3.79,backfill
2023-10-20T14:35:00-05:00,RB,HIKE,1.19,0,120,1.04,1.01,backfill
2023-10-20T14:35:00-05:00,HO,DROP,-1.64,0,120,-1.23,4.02,backfill
2023-10-24T14:35:00-05:00,RB,FLAT,,0,120,0.0,-5.52,backfill
2023-10-24T14:35:00-05:00,HO,FLAT,,0,120,0.0,-6.71,backfill
2023-10-25T14:35:00-05:00,RB,HIKE,1.66,0,120,1.04,-7.41,backfill
2023-10-25T14:35:00-05:00,HO,DROP,-1.44,0,120,-1.4,-6.03,backfill
2023-10-26T14:35:00-05:00,RB,DROP,-2.81,0,120,-1.53,1.4,backfill
2023-10-26T14:35:00-05:00,HO,HIKE,1.34,0,120,1.02,-1.61,backfill
2023-10-27T14:35:00-05:00,RB,HIKE,5.64,0,120,1.04,-3.63,backfill
2023-10-27T14:35:00-05:00,HO,FLAT,0.8,0,120,0.0,1.21,backfill
2023-10-31T14:35:00-05:00,RB,FLAT,,0,120,0.0,-8.45,backfill
2023-10-31T14:35:00-05:00,HO,FLAT,,0,120,0.0,-8.47,backfill
2023-11-01T14:35:00-05:00,RB,DROP,-3.72,0,120,-1.53,1.08,backfill
2023-11-01T14:35:00-05:00,HO,DROP,-2.95,0,120,-1.11,4.45,backfill
2023-11-02T14:35:00-05:00,RB,HIKE,6.05,0,120,1.04,-2.81,backfill
2023-11-02T14:35:00-05:00,HO,HIKE,6.4,0,120,1.02,2.89,backfill
2023-11-03T14:35:00-05:00,RB,DROP,-4.5,0,120,-1.6,5.84,backfill
2023-11-03T14:35:00-05:00,HO,DROP,-10.17,0,120,-1.08,6.17,backfill
2023-11-07T14:35:00-05:00,RB,FLAT,,0,120,0.0,2.25,backfill
2023-11-07T14:35:00-05:00,HO,FLAT,,0,120,0.0,1.07,backfill
2023-11-08T14:35:00-05:00,RB,DROP,-3.92,0,120,-1.6,-4.92,backfill
2023-11-08T14:35:00-05:00,HO,DROP,-8.92,0,120,-1.08,-12.55,backfill
2023-11-09T14:35:00-05:00,RB,HIKE,3.23,0,120,1.04,-3.92,backfill
2023-11-09T14:35:00-05:00,HO,DROP,-3.01,0,120,-1.11,-12.18,backfill
2023-11-10T14:35:00-05:00,RB,HIKE,2.87,0,120,1.04,2.79,backfill
2023-11-10T14:35:00-05:00,HO,HIKE,2.4,0,120,1.02,-1.42,backfill
2023-11-14T14:35:00-05:00,RB,FLAT,,0,120,0.0,3.2,backfill
2023-11-14T14:35:00-05:00,HO,FLAT,,0,120,0.0,9.54,backfill
2023-11-15T14:35:00-05:00,RB,DROP,-2.1,0,120,-1.6,-2.43,backfill
2023-11-15T14:35:00-05:00,HO,HIKE,3.16,0,120,1.02,-3.32,backfill
2023-11-16T14:35:00-05:00,RB,DROP,-10.07,0,120,-1.4,-2.79,backfill
2023-11-16T14:35:00-05:00,HO,DROP,-11.85,0,120,-1.11,0.07,backfill
2023-11-17T14:35:00-05:00,RB,HIKE,8.34,0,120,1.04,-9.43,backfill
2023-11-17T14:35:00-05:00,HO,HIKE,2.23,0,120,1.02,-12.76,backfill
2023-11-21T14:35:00-05:00,RB,FLAT,,0,120,0.0,5.51,backfill
2023-11-21T14:35:00-05:00,HO,FLAT,,0,120,0.0,7.24,backfill
2023-11-22T14:35:00-05:00,RB,FLAT,-0.14,0,120,0.0,1.45,backfill
2023-11-22T14:35:00-05:00,HO,DROP,-3.58,0,120,-1.11,7.06,backfill
2023-11-23T14:35:00-05:00,RB,DROP,-1.8,0,120,-1.45,1.03,backfill
2023-11-23T14:35:00-05:00,HO,DROP,-1.79,0,120,-1.11,-11.32,backfill
2023-11-28T14:35:00-05:00,RB,HIKE,1.56,0,120,1.04,-3.78,backfill
2023-11-28T14:35:00-05:00,HO,HIKE,3.58,0,120,1.02,-1.64,backfill
2023-11-29T14:35:00-05:00,RB,HIKE,5.36,0,120,1.04,2.87,backfill
2023-11-29T14:35:00-05:00,HO,DROP,-1.85,0,120,-1.14,4.89,backfill
2023-11-30T14:35:00-05:00,RB,DROP,-8.38,0,120,-1.45,5.48,backfill
2023-11-30T14:35:00-05:00,HO,DROP,-5.8,0,120,-1.14,-1.8,backfill
2023-12-01T14:35:00-05:00,RB,DROP,-7.87,0,120,-1.45,-6.87,backfill
2023-12-01T14:35:00-05:00,HO,DROP,-16.9,0,120,-1.15,-2.74,backfill
2023-12-05T14:35:00-05:00,RB,FLAT,,0,120,0.0,0.32,backfill
2023-12-05T14:35:00-05:00,HO,FLAT,,0,120,0.0,-5.3,backfill
2023-12-06T14:35:00-05:00,RB,DROP,-8.01,0,120,-1.6,-1.73,backfill
2023-12-06T14:35:00-05:00,HO,DROP,-6.49,0,120,-1.14,-2.74,backfill
2023-12-07T14:35:00-05:00,RB,DROP,-2.9,0,120,-1.6,-7.25,backfill
2023-12-07T14:35:00-05:00,HO,DROP,-2.7,0,120,-1.15,-3.29,backfill
2023-12-08T14:35:00-05:00,RB,HIKE,4.86,0,120,1.04,-2.26,backfill
2023-12-08T14:35:00-05:00,HO,HIKE,3.18,0,120,1.02,-3.49,backfill
2023-12-12T14:35:00-05:00,RB,FLAT,,0,120,0.0,-3.25,backfill
2023-12-12T14:35:00-05:00,HO,FLAT,,0,120,0.0,-7.83,backfill
2023-12-13T14:35:00-05:00,RB,HIKE,4.52,0,120,1.04,-5.64,backfill
2023-12-13T14:35:00-05:00,HO,HIKE,4.07,0,120,1.01,-0.64,backfill
2023-12-14T14:35:00-05:00,RB,HIKE,9.39,0,120,1.04,3.28,backfill
2023-12-14T14:35:00-05:00,HO,HIKE,4.32,0,120,1.01,6.91,backfill
2023-12-15T14:35:00-05:00,RB,HIKE,1.82,0,120,1.04,8.39,backfill
2023-12-15T14:35:00-05:00,HO,HIKE,2.95,0,120,1.02,2.09,backfill
2023-12-19T14:35:00-05:00,RB,FLAT,,0,120,0.0,1.63,backfill
2023-12-19T14:35:00-05:00,HO,FLAT,,0,120,0.0,8.31,backfill
2023-12-20T14:35:00-05:00,RB,FLAT,-0.01,0,120,0.0,2.93,backfill
2023-12-20T14:35:00-05:00,HO,FLAT,-0.83,0,120,0.0,5.97,backfill
2023-12-21T14:35:00-05:00,RB,DROP,-4.22,0,120,-1.6,1.01,backfill
2023-12-21T14:35:00-05:00,HO,DROP,-1.17,0,120,-1.15,-3.04,backfill
2023-12-22T14:35:00-05:00,RB,DROP,-2.84,0,120,-1.6,-4.14,backfill
2023-12-22T14:35:00-05:00,HO,DROP,-3.56,0,120,-1.08,-0.16,backfill
2023-12-27T14:35:00-05:00,RB,FLAT,,0,120,0.0,2.04,backfill
2023-12-27T14:35:00-05:00,HO,FLAT,,0,120,0.0,1.25,backfill
2023-12-28T14:35:00-05:00,RB,DROP,-6.98,0,120,-1.56,-0.77,backfill
2023-12-28T14:35:00-05:00,HO,DROP,-6.76,0,120,-1.09,-4.07,backfill
2023-12-29T14:35:00-05:00,RB,HIKE,1.74,0,120,1.04,-7.57,backfill
2023-12-29T14:35:00-05:00,HO,FLAT,-0.32,0,120,0.0,-5.08,backfill
2024-01-03T14:35:00-05:00,RB,FLAT,,0,120,0.0,0.38,backfill
2024-01-03T14:35:00-05:00,HO,FLAT,,0,120,0.0,-1.68,backfill
2024-01-04T14:35:00-05:00,RB,DROP,-4.8,0,120,-1.56,3.89,backfill
2024-01-04T14:35:00-05:00,HO,DROP,-1.6,0,120,-1.02,9.58,backfill
2024-01-05T14:35:00-05:00,RB,FLAT,-0.46,0,120,0.0,-2.54,backfill
2024-01-05T14:35:00-05:00,HO,HIKE,2.01,0,120,1.46,-0.56,backfill
2024-01-09T14:35:00-05:00,RB,FLAT,,0,120,0.0,-5.89,backfill
2024-01-09T14:35:00-05:00,HO,FLAT,,0,120,0.0,-3.14,backfill
2024-01-10T14:35:00-05:00,RB,FLAT,-0.95,0,120,0.0,3.01,backfill
2024-01-10T14:35:00-05:00,HO,DROP,-4.98,0,120,-1.02,7.59,backfill
2024-01-11T14:35:00-05:00,RB,HIKE,4.7,0,120,1.01,-0.56,backfill
2024-01-11T14:35:00-05:00,HO,HIKE,7.32,0,120,1.43,-5.95,backfill
2024-01-12T14:35:00-05:00,RB,FLAT,0.6,0,120,0.0,3.97,backfill
2024-01-12T14:35:00-05:00,HO,FLAT,-0.45,0,120,0.0,7.91,backfill
2024-01-17T14:35:00-05:00,RB,FLAT,,0,120,0.0,0.66,backfill
2024-01-17T14:35:00-05:00,HO,FLAT,,0,120,0.0,-2.6,backfill
2024-01-18T14:35:00-05:00,RB,HIKE,4.81,0,120,0.92,-0.49,backfill
2024-01-18T14:35:00-05:00,HO,HIKE,4.0,0,120,1.55,0.31,backfill
2024-01-19T14:35:00-05:00,RB,DROP,-2.07,0,120,-1.56,4.51,backfill
2024-01-19T14:35:00-05:00,HO,DROP,-3.15,0,120,-1.02,3.89,backfill
2024-01-23T14:35:00-05:00,RB,FLAT,,0,120,0.0,7.02,backfill
2024-01-23T14:35:00-05:00,HO,FLAT,,0,120,0.0,4.17,backfill
2024-01-24T14:35:00-05:00,RB,FLAT,-0.06,0,120,0.0,-3.17,backfill
2024-01-24T14:35:00-05:00,HO,FLAT,-0.95,0,120,0.0,-1.05,backfill
2024-01-25T14:35:00-05:00,RB,HIKE,5.49,0,120,0.97,-0.26,backfill
2024-01-25T14:35:00-05:00,HO,HIKE,11.36,0,120,1.36,-1.77,backfill
2024-01-26T14:35:00-05:00,RB,HIKE,2.97,0,120,0.97,5.04,backfill
2024-01-26T14:35:00-05:00,HO,HIKE,4.8,0,120,1.36,11.96,backfill
2024-01-30T14:35:00-05:00,RB,FLAT,,0,120,0.0,-4.79,backfill
2024-01-30T14:35:00-05:00,HO,FLAT,,0,120,0.0,-1.53,backfill
2024-01-31T14:35:00-05:00,RB,DROP,-7.74,0,120,-1.47,1.99,backfill
2024-01-31T14:35:00-05:00,HO,FLAT,0.14,0,120,0.0,-1.82,backfill
2024-02-01T14:35:00-05:00,RB,HIKE,1.15,0,120,0.98,-5.04,backfill
2024-02-01T14:35:00-05:00,HO,DROP,-9.53,0,120,-0.98,1.78,backfill
2024-02-02T14:35:00-05:00,RB,DROP,-4.73,0,120,-1.47,-1.66,backfill
2024-02-02T14:35:00-05:00,HO,DROP,-5.29,0,120,-0.98,-5.3,backfill
2024-02-06T14:35:00-05:00,RB,FLAT,,0,120,0.0,4.71,backfill
2024-02-06T14:35:00-05:00,HO,FLAT,,0,120,0.0,5.65,backfill
2024-02-07T14:35:00-05:00,RB,HIKE,4.57,0,120,0.97,0.7,backfill
2024-02-07T14:35:00-05:00,HO,HIKE,7.25,0,120,1.36,1.92,backfill
2024-02-08T14:35:00-05:00,RB,HIKE,7.9,0,120,0.98,3.65,backfill
2024-02-08T14:35:00-05:00,HO,HIKE,7.56,0,120,1.46,7.49,backfill
2024-02-09T14:35:00-05:00,RB,FLAT,-0.25,0,120,0.0,6.7,backfill
2024-02-09T14:35:00-05:00,HO,HIKE,7.34,0,120,1.55,9.06,backfill
2024-02-13T14:35:00-05:00,RB,FLAT,,0,120,0.0,3.68,backfill
2024-02-13T14:35:00-05:00,HO,FLAT,,0,120,0.0,-4.16,backfill
2024-02-14T14:35:00-05:00,RB,DROP,-7.77,0,120,-1.47,3.18,backfill
2024-02-14T14:35:00-05:00,HO,DROP,-8.58,0,120,-1.03,-7.5,backfill
2024-02-15T14:35:00-05:00,RB,FLAT,0.14,0,120,0.0,-8.52,backfill
2024-02-15T14:35:00-05:00,HO,FLAT,1.36,0,120,0.0,-7.26,backfill
2024-02-16T14:35:00-05:00,RB,HIKE,1.77,0,120,1.0,-0.23,backfill
2024-02-16T14:35:00-05:00,HO,DROP,-1.71,0,120,-1.04,1.65,backfill
2024-02-21T14:35:00-05:00,RB,FLAT,,0,120,0.0,-4.29,backfill
2024-02-21T14:35:00-05:00,HO,FLAT,,0,120,0.0,-8.7,backfill
2024-02-22T14:35:00-05:00,RB,HIKE,4.87,0,120,0.97,2.81,backfill
2024-02-22T14:35:00-05:00,HO,HIKE,4.68,0,120,1.46,-1.13,backfill
2024-02-23T14:35:00-05:00,RB,DROP,-5.8,0,120,-1.47,5.8,backfill
2024-02-23T14:35:00-05:00,HO,DROP,-6.23,0,120,-1.04,5.55,backfill
2024-02-27T14:35:00-05:00,RB,FLAT,,0,120,0.0,2.52,backfill
2024-02-27T14:35:00-05:00,HO,FLAT,,0,120,0.0,6.01,backfill
2024-02-28T14:35:00-05:00,RB,DROP,-7.34,0,120,-1.47,1.64,backfill
2024-02-28T14:35:00-05:00,HO,DROP,-8.77,0,120,-1.04,-1.04,backfill
2024-02-29T14:35:00-05:00,RB,HIKE,3.33,0,120,0.97,2.81,backfill
2024-02-29T14:35:00-05:00,HO,HIKE,2.55,0,120,1.46,-8.85,backfill
2024-03-01T14:35:00-05:00,RB,HIKE,31.01,0,120,0.99,2.03,backfill
2024-03-01T14:35:00-05:00,HO,HIKE,2.04,0,120,1.46,3.55,backfill
2024-03-05T14:35:00-05:00,RB,FLAT,,0,120,0.0,0.53,backfill
2024-03-05T14:35:00-05:00,HO,FLAT,,0,120,0.0,-6.76,backfill
2024-03-06T14:35:00-05:00,RB,HIKE,2.11,0,120,0.96,-5.45,backfill
2024-03-06T14:35:00-05:00,HO,HIKE,5.68,0,120,1.36,-3.7,backfill
2024-03-07T14:35:00-05:00,RB,FLAT,0.09,0,120,0.0,1.52,backfill
2024-03-07T14:35:00-05:00,HO,HIKE,3.14,0,120,1.36,6.13,backfill
2024-03-08T14:35:00-05:00,RB,DROP,-2.76,0,120,-1.47,-0.93,backfill
2024-03-08T14:35:00-05:00,HO,DROP,-5.38,0,120,-1.05,2.73,backfill
2024-03-12T14:35:00-05:00,RB,FLAT,,0,120,0.0,11.13,backfill
2024-03-12T14:35:00-05:00,HO,FLAT,,0,120,0.0,2.16,backfill
2024-03-13T14:35:00-05:00,RB,HIKE,7.51,0,120,0.96,2.41,backfill
2024-03-13T14:35:00-05:00,HO,HIKE,6.86,0,120,1.36,-4.6,backfill
2024-03-14T14:35:00-05:00,RB,HIKE,4.18,0,120,0.97,4.73,backfill
2024-03-14T14:35:00-05:00,HO,HIKE,2.37,0,120,1.36,6.88,backfill
2024-03-15T14:35:00-05:00,RB,HIKE,1.75,0,120,0.99,0.43,backfill
2024-03-15T14:35:00-05:00,HO,HIKE,1.82,0,120,1.32,2.18,backfill
2024-03-19T14:35:00-05:00,RB,FLAT,,0,120,0.0,1.84,backfill
2024-03-19T14:35:00-05:00,HO,FLAT,,0,120,0.0,6.02,backfill
2024-03-20T14:35:00-05:00,RB,DROP,-2.9,0,120,-1.43,0.47,backfill
2024-03-20T14:35:00-05:00,HO,DROP,-6.5,0,120,-1.05,-4.31,backfill
2024-03-21T14:35:00-05:00,RB,FLAT,-0.61,0,120,0.0,-0.83,backfill
2024-03-21T14:35:00-05:00,HO,DROP,-2.69,0,120,-1.06,-5.49,backfill
2024-03-22T14:35:00-05:00,RB,HIKE,1.27,0,120,0.99,-0.79,backfill
2024-03-22T14:35:00-05:00,HO,DROP,-1.54,0,120,-1.07,-1.91,backfill
2024-03-26T14:35:00-05:00,RB,FLAT,,0,120,0.0,0.52,backfill
2024-03-26T14:35:00-05:00,HO,FLAT,,0,120,0.0,3.6,backfill
2024-03-27T14:35:00-05:00,RB,DROP,-1.59,0,120,-1.11,-3.86,backfill
2024-03-27T14:35:00-05:00,HO,DROP,-2.32,0,120,-1.08,-6.55,backfill
2024-03-28T14:35:00-05:00,RB,HIKE,7.64,0,120,0.99,-0.66,backfill
2024-03-28T14:35:00-05:00,HO,HIKE,1.7,0,120,1.35,-0.92,backfill
2024-04-02T14:35:00-05:00,RB,FLAT,,0,120,0.0,-0.76,backfill
2024-04-02T14:35:00-05:00,HO,FLAT,,0,120,0.0,0.17,backfill
2024-04-03T14:35:00-05:00,RB,FLAT,0.2,0,120,0.0,2.81,backfill
2024-04-03T14:35:00-05:00,HO,HIKE,2.05,0,120,1.35,8.98,backfill
2024-04-04T14:35:00-05:00,RB,HIKE,3.33,0,120,0.99,-0.93,backfill
2024-04-04T14:35:00-05:00,HO,FLAT,0.89,0,120,0.0,2.16,backfill
2024-04-05T14:35:00-05:00,RB,FLAT,-0.56,0,120,0.0,2.53,backfill
2024-04-05T14:35:00-05:00,HO,HIKE,3.17,0,120,1.35,1.44,backfill
2024-04-09T14:35:00-05:00,RB,FLAT,,0,120,0.0,-2.19,backfill
2024-04-09T14:35:00-05:00,HO,FLAT,,0,120,0.0,-4.31,backfill
2024-04-10T14:35:00-05:00,RB,HIKE,2.6,0,120,0.99,1.32,backfill
2024-04-10T14:35:00-05:00,HO,HIKE,3.06,0,120,1.33,-5.28,backfill
2024-04-11T14:35:00-05:00,RB,FLAT,-0.75,0,120,0.0,3.57,backfill
2024-04-11T14:35:00-05:00,HO,DROP,-4.78,0,120,-1.1,3.15,backfill
2024-04-12T14:35:00-05:00,RB,HIKE,2.88,0,120,1.01,-0.56,backfill
2024-04-12T14:35:00-05:00,HO,HIKE,2.53,0,120,1.33,-4.99,backfill
2024-04-16T14:35:00-05:00,RB,FLAT,,0,120,0.0,-1.97,backfill
2024-04-16T14:35:00-05:00,HO,FLAT,,0,120,0.0,-3.51,backfill
2024-04-17T14:35:00-05:00,RB,DROP,-9.36,0,120,-1.03,0.68,backfill
2024-04-17T14:35:00-05:00,HO,DROP,-7.66,0,120,-1.1,-0.31,backfill
2024-04-18T14:35:00-05:00,RB,DROP,-1.5,0,120,-1.03,-6.9,backfill
2024-04-18T14:35:00-05:00,HO,DROP,-4.08,0,120,-1.11,-7.79,backfill
2024-04-19T14:35:00-05:00,RB,FLAT,-0.34,0,120,0.0,-2.17,backfill
2024-04-19T14:35:00-05:00,HO,FLAT,0.74,0,120,0.0,-3.75,backfill
2024-04-23T14:35:00-05:00,RB,FLAT,,0,120,0.0,-1.84,backfill
2024-04-23T14:35:00-05:00,HO,FLAT,,0,120,0.0,2.26,backfill
2024-04-24T14:35:00-05:00,RB,FLAT,0.9,0,120,0.0,5.05,backfill
2024-04-24T14:35:00-05:00,HO,DROP,-2.93,0,120,-1.13,1.77,backfill
2024-04-25T14:35:00-05:00,RB,HIKE,2.39,0,120,1.03,2.16,backfill
2024-04-25T14:35:00-05:00,HO,FLAT,0.05,0,120,0.0,-2.09,backfill
2024-04-26T14:35:00-05:00,RB,FLAT,0.64,0,120,0.0,1.6,backfill
2024-04-26T14:35:00-05:00,HO,FLAT,-0.22,0,120,0.0,1.34,backfill
2024-04-30T14:35:00-05:00,RB,FLAT,,0,120,0.0,0.82,backfill
2024-04-30T14:35:00-05:00,HO,FLAT,,0,120,0.0,-1.46,backfill
2024-05-01T14:35:00-05:00,RB,DROP,-13.34,0,120,-0.87,-3.77,backfill
2024-05-01T14:35:00-05:00,HO,DROP,-6.15,0,120,-1.13,-1.86,backfill
2024-05-02T14:35:00-05:00,RB,HIKE,1.91,0,120,0.93,-8.17,backfill
2024-05-02T14:35:00-05:00,HO,FLAT,-0.88,0,120,0.0,-7.83,backfill
2024-05-03T14:35:00-05:00,RB,DROP,-4.14,0,120,-0.87,1.28,backfill
2024-05-03T14:35:00-05:00,HO,FLAT,0.03,0,120,0.0,-0.38,backfill
2024-05-07T14:35:00-05:00,RB,FLAT,,0,120,0.0,1.43,backfill
2024-05-07T14:35:00-05:00,HO,FLAT,,0,120,0.0,1.94,backfill
2024-05-08T14:35:00-05:00,RB,DROP,-1.16,0,120,-0.85,-3.49,backfill
2024-05-08T14:35:00-05:00,HO,FLAT,1.05,0,120,0.0,-0.03,backfill
2024-05-09T14:35:00-05:00,RB,HIKE,1.0,0,120,0.92,0.99,backfill
2024-05-09T14:35:00-05:00,HO,FLAT,0.15,0,120,0.0,0.6,backfill
2024-05-10T14:35:00-05:00,RB,DROP,-4.21,0,120,-0.87,0.27,backfill
2024-05-10T14:35:00-05:00,HO,DROP,-4.32,0,120,-1.1,-0.51,backfill
2024-05-15T14:35:00-05:00,RB,FLAT,,0,120,0.0,-2.34,backfill
2024-05-15T14:35:00-05:00,HO,FLAT,,0,120,0.0,-1.29,backfill
2024-05-16T14:35:00-05:00,RB,HIKE,4.1,0,120,0.93,2.48,backfill
2024-05-16T14:35:00-05:00,HO,HIKE,2.06,0,120,1.33,0.67,backfill
2024-05-17T14:35:00-05:00,RB,HIKE,3.64,0,120,0.95,4.71,backfill
2024-05-17T14:35:00-05:00,HO,HIKE,4.26,0,120,1.29,2.34,backfill
2024-05-21T14:35:00-05:00,RB,FLAT,,0,120,0.0,-4.63,backfill
2024-05-21T14:35:00-05:00,HO,FLAT,,0,120,0.0,-1.16,backfill
2024-05-22T14:35:00-05:00,RB,DROP,-4.22,0,120,-0.84,-3.4,backfill
2024-05-22T14:35:00-05:00,HO,DROP,-3.05,0,120,-1.1,-2.25,backfill
2024-05-23T14:35:00-05:00,RB,FLAT,0.16,0,120,0.0,-2.63,backfill
2024-05-23T14:35:00-05:00,HO,DROP,-2.0,0,120,-1.11,-2.59,backfill
2024-05-24T14:35:00-05:00,RB,HIKE,1.48,0,120,0.95,-1.0,backfill
2024-05-24T14:35:00-05:00,HO,FLAT,0.18,0,120,0.0,-3.15,backfill
2024-05-29T14:35:00-05:00,RB,FLAT,,0,120,0.0,2.23,backfill
2024-05-29T14:35:00-05:00,HO,FLAT,,0,120,0.0,4.87,backfill
2024-05-30T14:35:00-05:00,RB,DROP,-5.98,0,120,-0.85,-4.6,backfill
2024-05-30T14:35:00-05:00,HO,DROP,-6.76,0,120,-1.11,-2.93,backfill
2024-05-31T14:35:00-05:00,RB,HIKE,2.14,0,120,0.95,-4.57,backfill
2024-05-31T14:35:00-05:00,HO,FLAT,-0.58,0,120,0.0,-7.25,backfill
2024-06-04T14:35:00-05:00,RB,FLAT,,0,120,0.0,-5.43,backfill
2024-06-04T14:35:00-05:00,HO,FLAT,,0,120,0.0,-8.9,backfill
2024-06-05T14:35:00-05:00,RB,FLAT,0.41,0,120,0.0,0.21,backfill
2024-06-05T14:35:00-05:00,HO,HIKE,1.52,0,120,1.3,-0.7,backfill
2024-06-07T14:35:00-05:00,RB,HIKE,2.9,0,120,0.95,1.59,backfill
2024-06-07T14:35:00-05:00,HO,HIKE,5.06,0,120,1.3,7.24,backfill
2024-06-11T14:35:00-05:00,RB,FLAT,,0,120,0.0,2.71,backfill
2024-06-11T14:35:00-05:00,HO,FLAT,,0,120,0.0,6.28,backfill
2024-06-12T14:35:00-05:00,RB,DROP,-1.45,0,120,-0.84,1.6,backfill
2024-06-12T14:35:00-05:00,HO,HIKE,1.95,0,120,1.3,1.1,backfill
2024-06-13T14:35:00-05:00,RB,HIKE,2.12,0,120,0.93,0.23,backfill
2024-06-13T14:35:00-05:00,HO,HIKE,4.6,0,120,1.28,1.75,backfill
2024-06-14T14:35:00-05:00,RB,DROP,-1.6,0,120,-0.84,0.45,backfill
2024-06-14T14:35:00-05:00,HO,DROP,-1.62,0,120,-1.02,5.57,backfill
2024-06-18T14:35:00-05:00,RB,FLAT,,0,120,0.0,2.71,backfill
2024-06-18T14:35:00-05:00,HO,FLAT,,0,120,0.0,1.23,backfill
2024-06-21T14:35:00-05:00,RB,FLAT,,0,120,0.0,1.2,backfill
2024-06-21T14:35:00-05:00,HO,FLAT,,0,120,0.0,0.84,backfill
2024-06-25T14:35:00-05:00,RB,FLAT,,0,120,0.0,-0.13,backfill
2024-06-25T14:35:00-05:00,HO,FLAT,,0,120,0.0,2.65,backfill
2024-06-26T14:35:00-05:00,RB,HIKE,2.99,0,120,0.95,1.99,backfill
2024-06-26T14:35:00-05:00,HO,HIKE,2.81,0,120,1.28,-1.66,backfill
2024-06-27T14:35:00-05:00,RB,FLAT,0.1,0,120,0.0,1.62,backfill
2024-06-27T14:35:00-05:00,HO,FLAT,1.01,0,120,0.0,3.35,backfill
2024-06-28T14:35:00-05:00,RB,DROP,-1.65,0,120,-0.82,0.38,backfill
2024-06-28T14:35:00-05:00,HO,DROP,-3.07,0,120,-1.15,1.21,backfill
2024-07-02T14:35:00-05:00,RB,FLAT,,0,120,0.0,7.03,backfill
2024-07-02T14:35:00-05:00,HO,FLAT,,0,120,0.0,8.34,backfill
2024-07-03T14:35:00-05:00,RB,HIKE,2.79,0,120,0.89,0.01,backfill
2024-07-03T14:35:00-05:00,HO,FLAT,0.46,0,120,0.0,2.03,backfill
2024-07-09T14:35:00-05:00,RB,FLAT,,0,120,0.0,-4.71,backfill
2024-07-09T14:35:00-05:00,HO,FLAT,,0,120,0.0,-5.69,backfill
2024-07-10T14:35:00-05:00,RB,DROP,-2.4,0,120,-0.82,-0.74,backfill
2024-07-10T14:35:00-05:00,HO,FLAT,-0.52,0,120,0.0,-5.96,backfill
2024-07-11T14:35:00-05:00,RB,HIKE,1.44,0,120,0.89,-4.37,backfill
2024-07-11T14:35:00-05:00,HO,FLAT,-0.02,0,120,0.0,-0.32,backfill
2024-07-12T14:35:00-05:00,RB,FLAT,-0.25,0,120,0.0,2.06,backfill
2024-07-12T14:35:00-05:00,HO,FLAT,-0.86,0,120,0.0,-0.39,backfill
2024-07-16T14:35:00-05:00,RB,FLAT,,0,120,0.0,-1.81,backfill
2024-07-16T14:35:00-05:00,HO,FLAT,,0,120,0.0,-0.03,backfill
2024-07-17T14:35:00-05:00,RB,HIKE,2.38,0,120,0.96,-0.57,backfill
2024-07-17T14:35:00-05:00,HO,HIKE,2.52,0,120,1.23,-4.64,backfill
2024-07-18T14:35:00-05:00,RB,HIKE,1.51,0,120,0.96,2.24,backfill
2024-07-18T14:35:00-05:00,HO,FLAT,-0.72,0,120,0.0,1.04,backfill
2024-07-19T14:35:00-05:00,RB,DROP,-6.6,0,120,-0.83,0.56,backfill
2024-07-19T14:35:00-05:00,HO,DROP,-6.77,0,120,-0.91,-0.23,backfill
2024-07-23T14:35:00-05:00,RB,FLAT,,0,120,0.0,4.2,backfill
2024-07-23T14:35:00-05:00,HO,FLAT,,0,120,0.0,1.33,backfill
2024-07-24T14:35:00-05:00,RB,HIKE,3.74,0,120,0.97,-6.41,backfill
2024-07-24T14:35:00-05:00,HO,HIKE,4.25,0,120,1.23,-2.52,backfill
2024-07-26T14:35:00-05:00,RB,FLAT,0.9,0,120,0.0,4.92,backfill
2024-07-26T14:35:00-05:00,HO,DROP,-3.27,0,120,-0.91,6.4,backfill
2024-07-30T14:35:00-05:00,RB,FLAT,,0,120,0.0,-3.44,backfill
2024-07-30T14:35:00-05:00,HO,FLAT,,0,120,0.0,-4.22,backfill
2024-07-31T14:35:00-05:00,RB,HIKE,9.49,0,120,0.97,-1.87,backfill
2024-07-31T14:35:00-05:00,HO,HIKE,7.87,0,120,1.2,-2.71,backfill
2024-08-01T14:35:00-05:00,RB,DROP,-8.4,0,120,-0.92,8.72,backfill
2024-08-01T14:35:00-05:00,HO,FLAT,-0.91,0,120,0.0,7.81,backfill
2024-08-02T14:35:00-05:00,RB,DROP,-8.04,0,120,-0.92,-3.21,backfill
2024-08-02T14:35:00-05:00,HO,DROP,-8.79,0,120,-0.91,-1.46,backfill
2024-08-06T14:35:00-05:00,RB,FLAT,,0,120,0.0,2.71,backfill
2024-08-06T14:35:00-05:00,HO,FLAT,,0,120,0.0,-2.87,backfill
2024-08-07T14:35:00-05:00,RB,HIKE,3.11,0,120,0.96,-2.82,backfill
2024-08-07T14:35:00-05:00,HO,HIKE,5.98,0,120,1.16,-0.62,backfill
2024-08-08T14:35:00-05:00,RB,HIKE,4.19,0,120,0.95,2.47,backfill
2024-08-08T14:35:00-05:00,HO,FLAT,0.22,0,120,0.0,5.78,backfill
2024-08-09T14:35:00-05:00,RB,FLAT,-0.89,0,120,0.0,4.82,backfill
2024-08-09T14:35:00-05:00,HO,DROP,-1.81,0,120,-0.91,-0.69,backfill
2024-08-13T14:35:00-05:00,RB,FLAT,,0,120,0.0,2.24,backfill
2024-08-13T14:35:00-05:00,HO,FLAT,,0,120,0.0,8.54,backfill
2024-08-14T14:35:00-05:00,RB,DROP,-5.36,0,120,-0.92,-5.32,backfill
2024-08-14T14:35:00-05:00,HO,DROP,-2.1,0,120,-0.91,-0.18,backfill
2024-08-15T14:35:00-05:00,RB,HIKE,3.69,0,120,0.96,-3.46,backfill
2024-08-15T14:35:00-05:00,HO,HIKE,0.97,0,120,0.88,-1.86,backfill
2024-08-16T14:35:00-05:00,RB,DROP,-4.78,0,120,-0.94,2.99,backfill
2024-08-16T14:35:00-05:00,HO,DROP,-4.92,0,120,-0.92,-0.2,backfill
2024-08-20T14:35:00-05:00,RB,FLAT,,0,120,0.0,-3.15,backfill
2024-08-20T14:35:00-05:00,HO,FLAT,,0,120,0.0,-5.39,backfill
2024-08-21T14:35:00-05:00,RB,DROP,-5.13,0,120,-0.94,-1.75,backfill
2024-08-21T14:35:00-05:00,HO,DROP,-1.35,0,120,-0.93,1.95,backfill
2024-08-22T14:35:00-05:00,RB,HIKE,3.87,0,120,0.95,-3.22,backfill
2024-08-22T14:35:00-05:00,HO,HIKE,1.38,0,120,0.88,0.4,backfill
2024-08-23T14:35:00-05:00,RB,HIKE,4.14,0,120,0.95,2.58,backfill
2024-08-23T14:35:00-05:00,HO,HIKE,3.62,0,120,0.92,3.22,backfill
2024-08-27T14:35:00-05:00,RB,FLAT,,0,120,0.0,0.37,backfill
2024-08-27T14:35:00-05:00,HO,FLAT,,0,120,0.0,5.23,backfill
2024-08-28T14:35:00-05:00,RB,DROP,-3.21,0,120,-0.97,-5.19,backfill
2024-08-28T14:35:00-05:00,HO,DROP,-5.71,0,120,-0.92,-6.24,backfill
2024-08-29T14:35:00-05:00,RB,HIKE,3.29,0,120,0.95,-2.79,backfill
2024-08-29T14:35:00-05:00,HO,HIKE,5.49,0,120,0.96,-4.86,backfill
2024-08-30T14:35:00-05:00,RB,DROP,-3.6,0,120,-0.99,3.38,backfill
2024-08-30T14:35:00-05:00,HO,DROP,-3.25,0,120,-0.93,5.47,backfill
2024-09-04T14:35:00-05:00,RB,FLAT,,0,120,0.0,-11.38,backfill
2024-09-04T14:35:00-05:00,HO,FLAT,,0,120,0.0,-7.32,backfill
2024-09-05T14:35:00-05:00,RB,DROP,-3.6,0,120,-0.99,-0.68,backfill
2024-09-05T14:35:00-05:00,HO,HIKE,1.14,0,120,0.92,-5.51,backfill
2024-09-06T14:35:00-05:00,RB,DROP,-2.98,0,120,-0.97,-5.26,backfill
2024-09-06T14:35:00-05:00,HO,DROP,-5.39,0,120,-0.93,0.81,backfill
2024-09-10T14:35:00-05:00,RB,FLAT,,0,120,0.0,2.23,backfill
2024-09-10T14:35:00-05:00,HO,FLAT,,0,120,0.0,2.82,backfill
2024-09-11T14:35:00-05:00,RB,HIKE,2.72,0,120,0.97,-4.89,backfill
2024-09-11T14:35:00-05:00,HO,HIKE,3.37,0,120,0.92,-8.08,backfill
2024-09-12T14:35:00-05:00,RB,HIKE,2.98,0,120,0.97,1.39,backfill
2024-09-12T14:35:00-05:00,HO,HIKE,2.71,0,120,0.88,3.37,backfill
2024-09-13T14:35:00-05:00,RB,FLAT,0.32,0,120,0.0,0.38,backfill
2024-09-13T14:35:00-05:00,HO,DROP,-3.45,0,120,-0.93,1.8,backfill
2024-09-17T14:35:00-05:00,RB,FLAT,,0,120,0.0,1.74,backfill
2024-09-17T14:35:00-05:00,HO,FLAT,,0,120,0.0,1.47,backfill
2024-09-18T14:35:00-05:00,RB,FLAT,0.88,0,120,0.0,2.84,backfill
2024-09-18T14:35:00-05:00,HO,HIKE,1.08,0,120,0.88,4.24,backfill
2024-09-19T14:35:00-05:00,RB,HIKE,4.93,0,120,0.93,1.1,backfill
2024-09-19T14:35:00-05:00,HO,HIKE,2.45,0,120,0.92,1.45,backfill
2024-09-20T14:35:00-05:00,RB,DROP,-2.36,0,120,-1.1,3.67,backfill
2024-09-20T14:35:00-05:00,HO,DROP,-1.05,0,120,-0.9,2.48,backfill
2024-09-24T14:35:00-05:00,RB,FLAT,,0,120,0.0,-4.17,backfill
2024-09-24T14:35:00-05:00,HO,FLAT,,0,120,0.0,-1.71,backfill
2024-09-25T14:35:00-05:00,RB,DROP,-2.98,0,120,-1.08,2.2,backfill
2024-09-25T14:35:00-05:00,HO,DROP,-2.03,0,120,-0.88,2.73,backfill
2024-09-26T14:35:00-05:00,RB,DROP,-3.86,0,120,-1.08,-2.28,backfill
2024-09-26T14:35:00-05:00,HO,DROP,-2.41,0,120,-0.88,-1.63,backfill
2024-09-27T14:35:00-05:00,RB,FLAT,-0.83,0,120,0.0,-3.62,backfill
2024-09-27T14:35:00-05:00,HO,FLAT,-0.34,0,120,0.0,-2.59,backfill
2024-10-01T14:35:00-05:00,RB,FLAT,,0,120,0.0,1.52,backfill
2024-10-01T14:35:00-05:00,HO,FLAT,,0,120,0.0,-0.09,backfill
2024-10-02T14:35:00-05:00,RB,HIKE,1.93,0,120,0.97,0.52,backfill
2024-10-02T14:35:00-05:00,HO,FLAT,0.79,0,120,0.0,1.6,backfill
2024-10-03T14:35:00-05:00,RB,HIKE,10.67,0,120,0.97,1.56,backfill
2024-10-03T14:35:00-05:00,HO,HIKE,11.26,0,120,0.96,1.21,backfill
2024-10-04T14:35:00-05:00,RB,FLAT,0.32,0,120,0.0,11.28,backfill
2024-10-04T14:35:00-05:00,HO,HIKE,1.8,0,120,0.96,10.84,backfill
2024-10-08T14:35:00-05:00,RB,FLAT,,0,120,0.0,6.63,backfill
2024-10-08T14:35:00-05:00,HO,FLAT,,0,120,0.0,8.36,backfill
2024-10-10T14:35:00-05:00,RB,HIKE,8.28,0,120,0.93,-8.58,backfill
2024-10-10T14:35:00-05:00,HO,HIKE,5.37,0,120,0.96,-12.74,backfill
2024-10-11T14:35:00-05:00,RB,FLAT,0.07,0,120,0.0,6.54,backfill
2024-10-11T14:35:00-05:00,HO,FLAT,-0.7,0,120,0.0,8.05,backfill
2024-10-15T14:35:00-05:00,RB,FLAT,,0,120,0.0,-4.01,backfill
2024-10-15T14:35:00-05:00,HO,FLAT,,0,120,0.0,-6.3,backfill
2024-10-16T14:35:00-05:00,RB,FLAT,0.26,0,120,0.0,-6.35,backfill
2024-10-16T14:35:00-05:00,HO,DROP,-1.3,0,120,-0.87,-8.3,backfill
2024-10-17T14:35:00-05:00,RB,FLAT,0.65,0,120,0.0,-0.36,backfill
2024-10-17T14:35:00-05:00,HO,HIKE,1.98,0,120,0.96,-1.12,backfill
2024-10-18T14:35:00-05:00,RB,DROP,-4.48,0,120,-1.35,-1.62,backfill
2024-10-18T14:35:00-05:00,HO,DROP,-4.23,0,120,-0.87,2.01,backfill
2024-10-22T14:35:00-05:00,RB,FLAT,,0,120,0.0,-1.6,backfill
2024-10-22T14:35:00-05:00,HO,FLAT,,0,120,0.0,3.91,backfill
2024-10-23T14:35:00-05:00,RB,DROP,-3.01,0,120,-1.42,5.41,backfill
2024-10-23T14:35:00-05:00,HO,DROP,-1.54,0,120,-0.87,3.52,backfill
2024-10-24T14:35:00-05:00,RB,FLAT,-1.37,0,120,0.0,-2.47,backfill
2024-10-24T14:35:00-05:00,HO,DROP,-1.93,0,120,-0.87,-2.38,backfill
2024-10-25T14:35:00-05:00,RB,HIKE,5.08,0,120,0.84,-3.99,backfill
2024-10-25T14:35:00-05:00,HO,HIKE,3.58,0,120,1.01,-0.47,backfill
2024-10-29T14:35:00-05:00,RB,FLAT,,0,120,0.0,-9.04,backfill
2024-10-29T14:35:00-05:00,HO,FLAT,,0,120,0.0,-11.07,backfill
2024-10-30T14:35:00-05:00,RB,HIKE,4.39,0,120,0.96,-0.15,backfill
2024-10-30T14:35:00-05:00,HO,HIKE,5.39,0,120,1.01,2.46,backfill
2024-10-31T14:35:00-05:00,RB,FLAT,0.78,0,120,0.0,3.18,backfill
2024-10-31T14:35:00-05:00,HO,HIKE,3.19,0,120,1.02,4.39,backfill
2024-11-01T14:35:00-05:00,RB,DROP,-3.7,0,120,-1.17,2.46,backfill
2024-11-01T14:35:00-05:00,HO,HIKE,1.47,0,120,1.02,4.48,backfill
2024-11-05T14:35:00-05:00,RB,FLAT,,0,120,0.0,4.9,backfill
2024-11-05T14:35:00-05:00,HO,FLAT,,0,120,0.0,3.99,backfill
2024-11-06T14:35:00-05:00,RB,FLAT,-0.92,0,120,0.0,1.7,backfill
2024-11-06T14:35:00-05:00,HO,DROP,-3.42,0,120,-0.89,3.44,backfill
2024-11-08T14:35:00-05:00,RB,DROP,-2.29,0,120,-1.27,-1.62,backfill
2024-11-08T14:35:00-05:00,HO,DROP,-3.11,0,120,-0.89,-2.02,backfill
2024-11-12T14:35:00-05:00,RB,FLAT,,0,120,0.0,-5.11,backfill
2024-11-12T14:35:00-05:00,HO,FLAT,,0,120,0.0,-5.24,backfill
2024-11-13T14:35:00-05:00,RB,FLAT,0.08,0,120,0.0,-0.21,backfill
2024-11-13T14:35:00-05:00,HO,FLAT,0.85,0,120,0.0,1.64,backfill
2024-11-14T14:35:00-05:00,RB,HIKE,1.66,0,120,0.81,1.72,backfill
2024-11-14T14:35:00-05:00,HO,FLAT,-0.7,0,120,0.0,0.61,backfill
2024-11-15T14:35:00-05:00,RB,DROP,-3.24,0,120,-1.39,0.78,backfill
2024-11-15T14:35:00-05:00,HO,DROP,-4.14,0,120,-0.89,-0.73,backfill
2024-11-19T14:35:00-05:00,RB,FLAT,,0,120,0.0,3.71,backfill
2024-11-19T14:35:00-05:00,HO,FLAT,,0,120,0.0,8.05,backfill
2024-11-20T14:35:00-05:00,RB,HIKE,0.81,0,120,0.81,-0.73,backfill
2024-11-20T14:35:00-05:00,HO,DROP,-1.39,0,120,-0.86,-0.48,backfill
2024-11-21T14:35:00-05:00,RB,HIKE,1.36,0,120,0.81,-0.92,backfill
2024-11-21T14:35:00-05:00,HO,HIKE,4.81,0,120,1.01,-2.65,backfill
2024-11-22T14:35:00-05:00,RB,FLAT,0.2,0,120,0.0,2.05,backfill
2024-11-22T14:35:00-05:00,HO,FLAT,0.05,0,120,0.0,6.44,backfill
2024-11-26T14:35:00-05:00,RB,FLAT,,0,120,0.0,-5.97,backfill
2024-11-26T14:35:00-05:00,HO,FLAT,,0,120,0.0,-3.79,backfill
2024-11-27T14:35:00-05:00,RB,DROP,-1.84,0,120,-1.21,-0.02,backfill
2024-11-27T14:35:00-05:00,HO,DROP,-3.68,0,120,-0.86,-0.59,backfill
2024-12-03T14:35:00-05:00,RB,FLAT,,0,120,0.0,0.18,backfill
2024-12-03T14:35:00-05:00,HO,FLAT,,0,120,0.0,-1.44,backfill
2024-12-04T14:35:00-05:00,RB,DROP,-2.33,0,120,-1.18,2.91,backfill
2024-12-04T14:35:00-05:00,HO,DROP,-5.03,0,120,-0.96,3.7,backfill
2024-12-05T14:35:00-05:00,RB,FLAT,-0.66,0,120,0.0,-3.73,backfill
2024-12-05T14:35:00-05:00,HO,DROP,-1.17,0,120,-0.96,-5.1,backfill
2024-12-06T14:35:00-05:00,RB,DROP,-2.63,0,120,-1.18,-0.07,backfill
2024-12-06T14:35:00-05:00,HO,DROP,-2.31,0,120,-0.96,-1.84,backfill
2024-12-10T14:35:00-05:00,RB,FLAT,,0,120,0.0,5.67,backfill
2024-12-10T14:35:00-05:00,HO,FLAT,,0,120,0.0,4.23,backfill
2024-12-11T14:35:00-05:00,RB,HIKE,2.9,0,120,0.79,0.48,backfill
2024-12-11T14:35:00-05:00,HO,HIKE,3.72,0,120,0.96,0.72,backfill
2024-12-12T14:35:00-05:00,RB,FLAT,0.27,0,120,0.0,1.62,backfill
2024-12-12T14:35:00-05:00,HO,HIKE,1.33,0,120,0.89,4.2,backfill
2024-12-13T14:35:00-05:00,RB,HIKE,1.33,0,120,0.79,0.46,backfill
2024-12-13T14:35:00-05:00,HO,HIKE,3.34,0,120,0.92,1.45,backfill
2024-12-16T14:35:00-05:00,RB,FLAT,,0,120,0.0,-1.0,backfill
2024-12-16T14:35:00-05:00,HO,FLAT,,0,120,0.0,0.51,backfill
2024-12-18T14:35:00-05:00,RB,DROP,-3.29,0,120,-1.2,-2.66,backfill
2024-12-18T14:35:00-05:00,HO,FLAT,-0.9,0,120,0.0,-3.91,backfill
2024-12-19T14:35:00-05:00,RB,DROP,-2.0,0,120,-1.22,1.65,backfill
2024-12-19T14:35:00-05:00,HO,DROP,-1.73,0,120,-0.96,3.32,backfill
2024-12-20T14:35:00-05:00,RB,HIKE,1.88,0,120,0.79,-0.88,backfill
2024-12-20T14:35:00-05:00,HO,FLAT,-0.6,0,120,0.0,-3.98,backfill
2024-12-23T14:35:00-05:00,RB,FLAT,,0,120,0.0,0.15,backfill
2024-12-23T14:35:00-05:00,HO,FLAT,,0,120,0.0,-0.92,backfill
2024-12-26T14:35:00-05:00,RB,FLAT,,0,120,0.0,-1.33,backfill
2024-12-26T14:35:00-05:00,HO,FLAT,,0,120,0.0,-1.4,backfill
2024-12-27T14:35:00-05:00,RB,HIKE,1.24,0,120,0.79,1.13,backfill
2024-12-27T14:35:00-05:00,HO,HIKE,3.95,0,120,0.92,4.1,backfill
2024-12-31T14:35:00-05:00,RB,HIKE,4.33,0,120,0.79,1.34,backfill
2024-12-31T14:35:00-05:00,HO,HIKE,7.58,0,120,0.95,5.75,backfill
2025-01-03T14:35:00-05:00,RB,HIKE,5.22,0,120,0.79,5.57,backfill
2025-01-03T14:35:00-05:00,HO,HIKE,2.72,0,120,0.96,5.27,backfill
2025-01-06T14:35:00-05:00,RB,FLAT,,0,120,0.0,-1.04,backfill
2025-01-06T14:35:00-05:00,HO,FLAT,,0,120,0.0,0.6,backfill
2025-01-07T14:35:00-05:00,RB,FLAT,-0.89,0,180,0.0,-1.09,backfill
2025-01-07T14:35:00-05:00,HO,HIKE,1.11,0,180,0.96,0.06,backfill
2025-01-08T14:35:00-05:00,RB,DROP,-1.64,0,180,-1.09,-0.36,backfill
2025-01-08T14:35:00-05:00,HO,DROP,-1.56,0,180,-0.88,-1.2,backfill
2025-01-09T14:35:00-05:00,RB,HIKE,1.81,0,180,0.79,1.55,backfill
2025-01-09T14:35:00-05:00,HO,HIKE,2.75,0,180,0.97,2.48,backfill
2025-01-10T14:35:00-05:00,RB,HIKE,4.66,0,180,0.8,3.57,backfill
2025-01-10T14:35:00-05:00,HO,HIKE,12.35,0,180,0.98,11.16,backfill
2025-01-13T14:35:00-05:00,RB,HIKE,2.54,0,180,0.82,1.5,backfill
2025-01-13T14:35:00-05:00,HO,HIKE,3.16,0,180,0.98,1.99,backfill
2025-01-15T14:35:00-05:00,RB,HIKE,5.86,0,180,0.82,0.85,backfill
2025-01-15T14:35:00-05:00,HO,HIKE,8.02,0,180,0.98,-0.6,backfill
2025-01-16T14:35:00-05:00,RB,DROP,-3.57,0,180,-1.04,3.43,backfill
2025-01-16T14:35:00-05:00,HO,FLAT,0.37,0,180,0.0,7.85,backfill
2025-01-17T14:35:00-05:00,RB,DROP,-1.1,0,180,-1.09,-2.95,backfill
2025-01-17T14:35:00-05:00,HO,FLAT,0.38,0,180,0.0,0.88,backfill
2025-01-22T14:35:00-05:00,RB,FLAT,,0,180,0.0,-0.92,backfill
2025-01-22T14:35:00-05:00,HO,FLAT,,0,180,0.0,-8.14,backfill
2025-01-23T14:35:00-05:00,RB,FLAT,0.78,0,180,0.0,-2.67,backfill
2025-01-23T14:35:00-05:00,HO,DROP,-1.27,0,180,-0.88,-7.95,backfill
2025-01-24T14:35:00-05:00,RB,DROP,-1.66,0,180,-1.09,1.49,backfill
2025-01-24T14:35:00-05:00,HO,HIKE,4.47,0,180,0.93,-0.79,backfill
2025-01-27T14:35:00-05:00,RB,DROP,-2.08,0,120,-1.09,-3.85,backfill
2025-01-27T14:35:00-05:00,HO,DROP,-5.62,0,120,-1.08,-4.26,backfill
2025-01-29T14:35:00-05:00,RB,FLAT,0.75,0,180,0.0,1.99,backfill
2025-01-29T14:35:00-05:00,HO,FLAT,-0.6,0,180,0.0,-0.14,backfill
2025-01-30T14:35:00-05:00,RB,FLAT,0.17,0,180,0.0,-1.4,backfill
2025-01-30T14:35:00-05:00,HO,HIKE,2.14,0,180,0.93,1.11,backfill
2025-01-31T14:35:00-05:00,RB,FLAT,-0.09,0,180,0.0,-0.09,backfill
2025-01-31T14:35:00-05:00,HO,FLAT,0.91,0,180,0.0,1.17,backfill
2025-02-04T14:35:00-05:00,RB,FLAT,,0,180,0.0,4.72,backfill
2025-02-04T14:35:00-05:00,HO,FLAT,,0,180,0.0,4.64,backfill
2025-02-05T14:35:00-05:00,RB,DROP,-4.83,0,180,-1.02,-3.37,backfill
2025-02-05T14:35:00-05:00,HO,DROP,-4.56,0,180,-0.9,-7.08,backfill
2025-02-07T14:35:00-05:00,RB,HIKE,5.43,0,180,0.8,2.15,backfill
2025-02-07T14:35:00-05:00,HO,HIKE,4.66,0,180,0.84,2.72,backfill
2025-02-11T14:35:00-05:00,RB,FLAT,,0,180,0.0,-0.18,backfill
2025-02-11T14:35:00-05:00,HO,FLAT,,0,180,0.0,-0.42,backfill
2025-02-12T14:35:00-05:00,RB,DROP,-5.77,0,180,-1.08,3.89,backfill
2025-02-12T14:35:00-05:00,HO,DROP,-6.26,0,180,-0.99,6.78,backfill
2025-02-13T14:35:00-05:00,RB,HIKE,2.11,0,180,0.8,-3.63,backfill
2025-02-13T14:35:00-05:00,HO,FLAT,-0.33,0,180,0.0,-7.14,backfill
2025-02-14T14:35:00-05:00,RB,DROP,-2.08,0,180,-1.08,1.8,backfill
2025-02-14T14:35:00-05:00,HO,HIKE,1.31,0,180,0.96,-0.64,backfill
2025-02-19T14:35:00-05:00,RB,FLAT,,0,180,0.0,0.08,backfill
2025-02-19T14:35:00-05:00,HO,FLAT,,0,180,0.0,-2.71,backfill
2025-02-20T14:35:00-05:00,RB,FLAT,0.0,0,180,0.0,0.19,backfill
2025-02-20T14:35:00-05:00,HO,HIKE,4.69,0,180,0.98,1.66,backfill
2025-02-21T14:35:00-05:00,RB,DROP,-5.98,0,180,-1.08,0.21,backfill
2025-02-21T14:35:00-05:00,HO,DROP,-7.11,0,180,-0.88,2.9,backfill
2025-02-25T14:35:00-05:00,RB,DROP,-5.94,0,180,-1.08,-6.04,backfill
2025-02-25T14:35:00-05:00,HO,DROP,-4.2,0,180,-0.88,-6.62,backfill
2025-02-26T14:35:00-05:00,RB,DROP,-1.84,0,180,-1.08,-3.73,backfill
2025-02-26T14:35:00-05:00,HO,DROP,-4.6,0,180,-0.88,-5.32,backfill
2025-02-28T14:35:00-05:00,RB,HIKE,2.14,0,120,0.85,3.03,backfill
2025-02-28T14:35:00-05:00,HO,HIKE,1.06,0,120,0.99,3.38,backfill
2025-03-04T14:35:00-05:00,RB,FLAT,,0,120,0.0,-2.81,backfill
2025-03-04T14:35:00-05:00,HO,FLAT,,0,120,0.0,-7.85,backfill
2025-03-05T14:35:00-05:00,RB,DROP,-5.72,0,120,-1.02,1.32,backfill
2025-03-05T14:35:00-05:00,HO,DROP,-4.64,0,120,-0.87,2.71,backfill
2025-03-07T14:35:00-05:00,RB,DROP,-2.83,0,120,-0.97,-1.36,backfill
2025-03-07T14:35:00-05:00,HO,DROP,-2.48,0,120,-0.88,-6.42,backfill
2025-03-11T14:35:00-05:00,RB,FLAT,,0,120,0.0,-2.64,backfill
2025-03-11T14:35:00-05:00,HO,FLAT,,0,120,0.0,-4.41,backfill
2025-03-12T14:35:00-05:00,RB,HIKE,4.51,0,120,0.79,2.47,backfill
2025-03-12T14:35:00-05:00,HO,FLAT,0.95,0,120,0.0,1.51,backfill
2025-03-13T14:35:00-05:00,RB,DROP,-1.7,0,120,-0.98,3.9,backfill
2025-03-13T14:35:00-05:00,HO,DROP,-4.41,0,120,-0.88,0.65,backfill
2025-03-14T14:35:00-05:00,RB,HIKE,1.56,0,180,0.93,-0.91,backfill
2025-03-14T14:35:00-05:00,HO,FLAT,0.44,0,180,0.0,-4.53,backfill
2025-03-18T14:35:00-05:00,RB,FLAT,,0,180,0.0,0.14,backfill
2025-03-18T14:35:00-05:00,HO,FLAT,,0,180,0.0,3.57,backfill
2025-03-19T14:35:00-05:00,RB,FLAT,0.12,0,180,0.0,-0.76,backfill
2025-03-19T14:35:00-05:00,HO,HIKE,3.74,0,180,0.98,-1.32,backfill
2025-03-20T14:35:00-05:00,RB,HIKE,2.15,0,120,0.79,0.33,backfill
2025-03-20T14:35:00-05:00,HO,HIKE,2.24,0,120,0.98,2.82,backfill
2025-03-21T14:35:00-05:00,RB,FLAT,0.43,0,120,0.0,2.48,backfill
2025-03-21T14:35:00-05:00,HO,FLAT,-0.47,0,120,0.0,1.64,backfill
2025-03-25T14:35:00-05:00,RB,FLAT,,0,120,0.0,-1.09,backfill
2025-03-25T14:35:00-05:00,HO,FLAT,,0,120,0.0,1.82,backfill
2025-03-26T14:35:00-05:00,RB,HIKE,2.41,0,120,0.81,4.66,backfill
2025-03-26T14:35:00-05:00,HO,FLAT,0.28,0,120,0.0,3.15,backfill
2025-04-02T14:35:00-05:00,RB,FLAT,,0,120,0.0,7.31,backfill
2025-04-02T14:35:00-05:00,HO,FLAT,,0,120,0.0,5.57,backfill
2025-04-03T14:35:00-05:00,RB,DROP,-16.67,0,120,-0.97,1.24,backfill
2025-04-03T14:35:00-05:00,HO,DROP,-13.31,0,120,-0.88,3.37,backfill
2025-04-04T14:35:00-05:00,RB,DROP,-10.98,0,120,-0.97,-20.47,backfill
2025-04-04T14:35:00-05:00,HO,DROP,-10.7,0,120,-0.88,-23.27,backfill
2025-04-08T14:35:00-05:00,RB,DROP,-6.31,0,120,-0.97,-3.64,backfill
2025-04-08T14:35:00-05:00,HO,DROP,-2.49,0,120,-0.88,-1.62,backfill
2025-04-09T14:35:00-05:00,RB,HIKE,4.7,0,120,0.81,-4.56,backfill
2025-04-09T14:35:00-05:00,HO,HIKE,5.66,0,120,0.82,-2.95,backfill
2025-04-10T14:35:00-05:00,RB,DROP,-7.71,0,120,-1.03,4.75,backfill
2025-04-10T14:35:00-05:00,HO,DROP,-6.72,0,120,-0.9,6.14,backfill
2025-04-11T14:35:00-05:00,RB,HIKE,3.78,0,120,0.81,-4.54,backfill
2025-04-11T14:35:00-05:00,HO,HIKE,1.89,0,120,0.82,-5.7,backfill
2025-04-15T14:35:00-05:00,RB,HIKE,2.53,0,120,0.81,1.73,backfill
2025-04-15T14:35:00-05:00,HO,HIKE,1.31,0,120,0.83,2.28,backfill
2025-04-16T14:35:00-05:00,RB,HIKE,1.9,0,120,0.82,0.9,backfill
2025-04-16T14:35:00-05:00,HO,HIKE,3.7,0,120,0.85,-1.86,backfill
2025-04-17T14:35:00-05:00,RB,HIKE,5.54,0,120,0.83,1.34,backfill
2025-04-17T14:35:00-05:00,HO,HIKE,3.69,0,120,0.85,3.3,backfill
2025-04-22T14:35:00-05:00,RB,FLAT,,0,120,0.0,-1.41,backfill
2025-04-22T14:35:00-05:00,HO,FLAT,,0,120,0.0,-4.65,backfill
2025-04-23T14:35:00-05:00,RB,DROP,-1.57,0,120,-1.03,2.17,backfill
2025-04-23T14:35:00-05:00,HO,DROP,-2.17,0,120,-0.93,2.64,backfill
2025-04-24T14:35:00-05:00,RB,HIKE,2.18,0,120,0.84,0.05,backfill
2025-04-24T14:35:00-05:00,HO,HIKE,1.68,0,120,0.87,-0.18,backfill
2025-04-29T14:35:00-05:00,RB,FLAT,,0,120,0.0,-1.44,backfill
2025-04-29T14:35:00-05:00,HO,FLAT,,0,120,0.0,-1.64,backfill
2025-04-30T14:35:00-05:00,RB,DROP,-3.42,0,120,-1.03,-2.62,backfill
2025-04-30T14:35:00-05:00,HO,DROP,-8.37,0,120,-1.04,-3.16,backfill
2025-05-01T14:35:00-05:00,RB,HIKE,1.22,0,120,0.93,-2.91,backfill
2025-05-01T14:35:00-05:00,HO,DROP,-2.47,0,120,-1.04,-6.98,backfill
2025-05-02T14:35:00-05:00,RB,DROP,-2.93,0,120,-1.04,2.35,backfill
2025-05-02T14:35:00-05:00,HO,DROP,-1.88,0,120,-1.04,0.78,backfill
2025-05-06T14:35:00-05:00,RB,FLAT,,0,240,0.0,-0.64,backfill
2025-05-06T14:35:00-05:00,HO,FLAT,,0,240,0.0,-2.11,backfill
2025-05-07T14:35:00-05:00,RB,DROP,-3.67,0,240,-1.1,2.45,backfill
2025-05-07T14:35:00-05:00,HO,DROP,-3.22,0,240,-1.04,2.86,backfill
2025-05-08T14:35:00-05:00,RB,HIKE,5.76,0,240,0.87,-2.7,backfill
2025-05-08T14:35:00-05:00,HO,HIKE,6.34,0,240,0.86,-3.49,backfill
2025-05-09T14:35:00-05:00,RB,HIKE,2.3,0,240,0.88,4.04,backfill
2025-05-09T14:35:00-05:00,HO,HIKE,2.64,0,240,0.86,6.86,backfill
2025-05-12T14:35:00-05:00,RB,HIKE,2.47,0,120,0.99,2.67,backfill
2025-05-12T14:35:00-05:00,HO,HIKE,4.47,0,120,0.98,6.93,backfill
2025-05-14T14:35:00-05:00,RB,HIKE,3.69,0,240,0.9,2.51,backfill
2025-05-14T14:35:00-05:00,HO,HIKE,9.5,0,240,0.98,5.92,backfill
2025-05-16T14:35:00-05:00,RB,DROP,-2.82,0,120,-1.09,-3.3,backfill
2025-05-16T14:35:00-05:00,HO,DROP,-6.55,0,120,-0.91,-1.57,backfill
2025-05-20T14:35:00-05:00,RB,FLAT,,0,120,0.0,-0.25,backfill
2025-05-20T14:35:00-05:00,HO,FLAT,,0,120,0.0,-1.42,backfill
2025-05-21T14:35:00-05:00,RB,FLAT,-0.23,0,120,0.0,0.41,backfill
2025-05-21T14:35:00-05:00,HO,HIKE,1.02,0,120,0.98,-0.59,backfill
2025-05-22T14:35:00-05:00,RB,DROP,-1.86,0,120,-1.03,-0.16,backfill
2025-05-22T14:35:00-05:00,HO,DROP,-2.16,0,120,-0.93,0.35,backfill
2025-05-23T14:35:00-05:00,RB,DROP,-2.2,0,120,-1.05,-1.28,backfill
2025-05-23T14:35:00-05:00,HO,DROP,-1.27,0,120,-0.92,-2.22,backfill
2025-05-28T14:35:00-05:00,RB,DROP,-2.0,0,120,-1.07,-3.68,backfill
2025-05-28T14:35:00-05:00,HO,DROP,-1.67,0,120,-0.93,-3.35,backfill
2025-05-30T14:35:00-05:00,RB,DROP,-5.08,0,120,-1.07,-1.56,backfill
2025-05-30T14:35:00-05:00,HO,DROP,-7.09,0,120,-0.88,-1.84,backfill
2025-06-03T14:35:00-05:00,RB,FLAT,,0,120,0.0,2.41,backfill
2025-06-03T14:35:00-05:00,HO,FLAT,,0,120,0.0,3.7,backfill
2025-06-04T14:35:00-05:00,RB,DROP,-4.48,0,120,-1.09,2.27,backfill
2025-06-04T14:35:00-05:00,HO,DROP,-2.98,0,120,-0.94,5.82,backfill
2025-06-05T14:35:00-05:00,RB,HIKE,2.89,0,120,0.95,-4.35,backfill
2025-06-05T14:35:00-05:00,HO,HIKE,2.44,0,120,0.86,-3.32,backfill
2025-06-06T14:35:00-05:00,RB,HIKE,1.39,0,180,0.86,0.89,backfill
2025-06-06T14:35:00-05:00,HO,HIKE,3.08,0,180,0.86,2.58,backfill
2025-06-10T14:35:00-05:00,RB,FLAT,,0,180,0.0,0.88,backfill
2025-06-10T14:35:00-05:00,HO,FLAT,,0,180,0.0,1.78,backfill
2025-06-11T14:35:00-05:00,RB,HIKE,7.88,0,180,0.86,-0.19,backfill
2025-06-11T14:35:00-05:00,HO,HIKE,6.37,0,180,0.96,-0.93,backfill
2025-06-12T14:35:00-05:00,RB,DROP,-2.39,0,180,-1.16,6.71,backfill
2025-06-12T14:35:00-05:00,HO,DROP,-1.66,0,180,-0.93,6.25,backfill
2025-06-13T14:35:00-05:00,RB,HIKE,8.47,0,180,0.86,-1.7,backfill
2025-06-13T14:35:00-05:00,HO,HIKE,17.0,0,180,0.96,-1.58,backfill
2025-06-17T14:35:00-05:00,RB,FLAT,,0,120,0.0,-1.13,backfill
2025-06-17T14:35:00-05:00,HO,FLAT,,0,120,0.0,3.26,backfill
2025-06-18T14:35:00-05:00,RB,HIKE,3.67,0,180,0.86,4.31,backfill
2025-06-18T14:35:00-05:00,HO,HIKE,2.83,0,180,0.96,10.71,backfill
2025-06-20T14:35:00-05:00,RB,FLAT,,0,180,0.0,0.75,backfill
2025-06-20T14:35:00-05:00,HO,FLAT,,0,180,0.0,-0.62,backfill
2025-06-24T14:35:00-05:00,RB,DROP,-24.38,0,180,-1.05,-8.46,backfill
2025-06-24T14:35:00-05:00,HO,DROP,-25.67,0,180,-0.9,-17.0,backfill
2025-06-25T14:35:00-05:00,RB,FLAT,-0.33,0,120,0.0,-10.59,backfill
2025-06-25T14:35:00-05:00,HO,HIKE,1.13,0,120,0.98,-9.02,backfill
2025-06-26T14:35:00-05:00,RB,HIKE,1.66,0,180,0.88,-0.48,backfill
2025-06-26T14:35:00-05:00,HO,HIKE,6.37,0,180,0.98,0.46,backfill
2025-06-27T14:35:00-05:00,RB,FLAT,-0.92,0,120,0.0,1.46,backfill
2025-06-27T14:35:00-05:00,HO,DROP,-5.29,0,120,-0.9,4.64,backfill
2025-07-01T14:35:00-05:00,RB,FLAT,,0,180,0.0,0.88,backfill
2025-07-01T14:35:00-05:00,HO,FLAT,,0,180,0.0,4.45,backfill
2025-07-02T14:35:00-05:00,RB,HIKE,2.26,0,180,0.93,2.5,backfill
2025-07-02T14:35:00-05:00,HO,HIKE,8.48,0,180,0.96,4.31,backfill
2025-07-03T14:35:00-05:00,RB,FLAT,-0.43,0,180,0.0,2.1,backfill
2025-07-03T14:35:00-05:00,HO,DROP,-4.19,0,180,-0.97,8.43,backfill
2025-07-08T14:35:00-05:00,RB,HIKE,6.64,0,180,0.93,2.04,backfill
2025-07-08T14:35:00-05:00,HO,HIKE,7.15,0,180,0.96,0.8,backfill
2025-07-09T14:35:00-05:00,RB,FLAT,0.29,0,180,0.0,3.01,backfill
2025-07-09T14:35:00-05:00,HO,DROP,-3.21,0,180,-0.88,2.35,backfill
2025-07-10T14:35:00-05:00,RB,DROP,-3.55,0,180,-1.0,0.24,backfill
2025-07-10T14:35:00-05:00,HO,DROP,-2.57,0,180,-0.96,-3.86,backfill
2025-07-11T14:35:00-05:00,RB,HIKE,3.46,0,180,0.85,-3.07,backfill
2025-07-11T14:35:00-05:00,HO,HIKE,6.39,0,180,0.96,-2.37,backfill
2025-07-14T14:35:00-05:00,RB,FLAT,,0,180,0.0,-1.54,backfill
2025-07-14T14:35:00-05:00,HO,FLAT,,0,180,0.0,-6.74,backfill
2025-07-15T14:35:00-05:00,RB,FLAT,0.42,0,180,0.0,-0.49,backfill
2025-07-15T14:35:00-05:00,HO,HIKE,1.54,0,180,0.96,1.06,backfill
2025-07-16T14:35:00-05:00,RB,DROP,-2.56,0,180,-0.99,-2.25,backfill
2025-07-16T14:35:00-05:00,HO,DROP,-1.37,0,180,-0.88,-1.57,backfill
2025-07-18T14:35:00-05:00,RB,HIKE,0.94,0,180,0.85,2.43,backfill
2025-07-18T14:35:00-05:00,HO,HIKE,6.15,0,180,0.96,8.5,backfill
2025-07-21T14:35:00-05:00,RB,DROP,-2.15,0,180,-1.14,-2.89,backfill
2025-07-21T14:35:00-05:00,HO,HIKE,5.62,0,180,0.96,2.99,backfill
2025-07-22T14:35:00-05:00,RB,DROP,-3.0,0,180,-1.14,-1.89,backfill
2025-07-22T14:35:00-05:00,HO,DROP,-5.74,0,180,-0.89,-5.68,backfill
2025-07-23T14:35:00-05:00,RB,HIKE,1.94,0,180,0.86,1.2,backfill
2025-07-23T14:35:00-05:00,HO,FLAT,-0.28,0,180,0.0,-0.07,backfill
2025-07-25T14:35:00-05:00,RB,DROP,-2.43,0,180,-1.16,-0.51,backfill
2025-07-25T14:35:00-05:00,HO,DROP,-4.28,0,180,-0.88,-3.48,backfill
2025-07-28T14:35:00-05:00,RB,HIKE,3.82,0,180,0.88,2.18,backfill
2025-07-28T14:35:00-05:00,HO,HIKE,2.04,0,180,0.96,0.99,backfill
2025-07-30T14:35:00-05:00,RB,HIKE,13.39,0,240,0.9,5.25,backfill
2025-07-30T14:35:00-05:00,HO,FLAT,-0.81,0,240,0.0,3.9,backfill
2025-07-31T14:35:00-05:00,RB,DROP,-5.35,0,240,-1.07,2.47,backfill
2025-07-31T14:35:00-05:00,HO,DROP,-1.9,0,240,-1.08,-4.43,backfill
2025-08-04T14:35:00-05:00,RB,FLAT,,0,240,0.0,-0.95,backfill
2025-08-04T14:35:00-05:00,HO,FLAT,,0,240,0.0,2.18,backfill
2025-08-05T14:35:00-05:00,RB,FLAT,-1.07,0,240,0.0,-0.72,backfill
2025-08-05T14:35:00-05:00,HO,DROP,-6.74,0,240,-1.08,-7.15,backfill
2025-08-07T14:35:00-05:00,RB,DROP,-1.4,0,240,-1.07,-1.39,backfill
2025-08-07T14:35:00-05:00,HO,HIKE,1.66,0,240,0.96,1.44,backfill
2025-08-08T14:35:00-05:00,RB,FLAT,0.86,0,240,0.0,-1.07,backfill
2025-08-08T14:35:00-05:00,HO,HIKE,1.25,0,240,0.97,1.93,backfill
2025-08-11T14:35:00-05:00,RB,FLAT,-0.95,0,240,0.0,-1.05,backfill
2025-08-11T14:35:00-05:00,HO,HIKE,1.17,0,240,0.97,1.18,backfill
2025-08-12T14:35:00-05:00,RB,FLAT,-0.22,0,240,0.0,-0.32,backfill
2025-08-12T14:35:00-05:00,HO,DROP,-4.69,0,240,-1.08,-5.06,backfill
2025-08-13T14:35:00-05:00,RB,FLAT,-0.4,0,240,0.0,-0.36,backfill
2025-08-13T14:35:00-05:00,HO,FLAT,-0.13,0,240,0.0,0.1,backfill
2025-08-14T14:35:00-05:00,RB,HIKE,3.88,0,240,0.88,3.02,backfill
2025-08-14T14:35:00-05:00,HO,FLAT,-0.83,0,240,0.0,-0.8,backfill
2025-08-15T14:35:00-05:00,RB,DROP,-3.67,0,240,-0.97,-1.76,backfill
2025-08-15T14:35:00-05:00,HO,FLAT,-0.95,0,240,0.0,-0.71,backfill
2025-08-18T14:35:00-05:00,RB,HIKE,2.62,0,240,0.9,2.52,backfill
2025-08-18T14:35:00-05:00,HO,HIKE,1.53,0,240,0.97,1.6,backfill
2025-08-19T14:35:00-05:00,RB,DROP,-0.97,0,240,-0.97,-0.79,backfill
2025-08-19T14:35:00-05:00,HO,HIKE,1.08,0,240,0.97,0.84,backfill
2025-08-20T14:35:00-05:00,RB,HIKE,3.93,0,240,0.9,3.89,backfill
2025-08-20T14:35:00-05:00,HO,HIKE,2.85,0,240,0.97,2.97,backfill
2025-08-21T14:35:00-05:00,RB,HIKE,3.14,0,240,0.91,2.34,backfill
2025-08-21T14:35:00-05:00,HO,HIKE,4.55,0,240,0.98,4.67,backfill
2025-08-22T14:35:00-05:00,RB,FLAT,-0.12,0,240,0.0,0.85,backfill
2025-08-22T14:35:00-05:00,HO,DROP,-1.7,0,240,-0.98,-1.79,backfill
2025-08-25T14:35:00-05:00,RB,DROP,-1.02,0,240,-0.97,-0.15,backfill
2025-08-25T14:35:00-05:00,HO,HIKE,3.94,0,240,1.02,3.66,backfill
2025-08-26T14:35:00-05:00,RB,DROP,-2.6,0,240,-0.97,-3.17,backfill
2025-08-26T14:35:00-05:00,HO,DROP,-6.7,0,240,-0.99,-7.01,backfill
2025-08-27T14:35:00-05:00,RB,HIKE,2.66,0,240,0.96,0.75,backfill
2025-08-27T14:35:00-05:00,HO,HIKE,1.48,0,240,1.02,1.48,backfill
2025-08-28T14:35:00-05:00,RB,HIKE,5.02,0,240,0.96,2.92,backfill
2025-08-28T14:35:00-05:00,HO,HIKE,1.45,0,240,1.02,2.0,backfill
2025-08-29T14:35:00-05:00,RB,DROP,-1.15,0,240,-0.98,-0.68,backfill
2025-08-29T14:35:00-05:00,HO,DROP,-4.31,0,240,-1.0,-4.15,backfill
2025-09-02T14:35:00-05:00,RB,DROP,-14.48,0,120,-1.0,7.55,backfill
2025-09-02T14:35:00-05:00,HO,HIKE,10.77,0,120,1.0,10.75,backfill
2025-09-03T14:35:00-05:00,RB,DROP,-3.08,0,120,-1.0,-3.39,backfill
2025-09-03T14:35:00-05:00,HO,DROP,-1.35,0,120,-1.09,-1.22,backfill
2025-09-04T14:35:00-05:00,RB,FLAT,-0.25,0,240,0.0,-2.87,backfill
2025-09-04T14:35:00-05:00,HO,DROP,-3.02,0,240,-1.09,-2.96,backfill
2025-09-05T14:35:00-05:00,RB,DROP,-4.53,0,240,-0.98,-3.43,backfill
2025-09-05T14:35:00-05:00,HO,DROP,-4.37,0,240,-1.09,-4.06,backfill
2025-09-08T14:35:00-05:00,RB,FLAT,-0.56,0,240,0.0,0.07,backfill
2025-09-08T14:35:00-05:00,HO,HIKE,2.49,0,240,1.03,3.29,backfill
2025-09-09T14:35:00-05:00,RB,HIKE,3.39,0,240,0.97,2.01,backfill
2025-09-09T14:35:00-05:00,HO,FLAT,0.8,0,240,0.0,0.34,backfill
2025-09-10T14:35:00-05:00,RB,HIKE,1.55,0,240,0.97,0.57,backfill
2025-09-10T14:35:00-05:00,HO,HIKE,1.38,0,240,1.02,1.4,backfill
2025-09-11T14:35:00-05:00,RB,DROP,-2.87,0,120,-0.99,-3.91,backfill
2025-09-11T14:35:00-05:00,HO,DROP,-5.18,0,120,-1.08,-5.09,backfill
2025-09-12T14:35:00-05:00,RB,FLAT,0.61,0,120,0.0,0.54,backfill
2025-09-12T14:35:00-05:00,HO,FLAT,0.81,0,120,0.0,1.15,backfill
2025-09-16T14:35:00-05:00,RB,HIKE,5.62,0,120,1.06,1.57,backfill
2025-09-16T14:35:00-05:00,HO,HIKE,10.35,0,120,1.0,3.84,backfill
2025-09-17T14:35:00-05:00,RB,DROP,-1.29,0,120,-0.99,1.44,backfill
2025-09-17T14:35:00-05:00,HO,DROP,-3.87,0,120,-1.08,2.22,backfill
2025-09-18T14:35:00-05:00,RB,DROP,-1.73,0,120,-0.99,-2.67,backfill
2025-09-18T14:35:00-05:00,HO,DROP,-1.48,0,120,-1.08,-1.22,backfill
2025-09-19T14:35:00-05:00,RB,DROP,-4.07,0,120,-1.0,-3.69,backfill
2025-09-19T14:35:00-05:00,HO,DROP,-4.11,0,120,-1.12,-4.38,backfill
2025-09-23T14:35:00-05:00,RB,HIKE,2.84,0,120,1.08,0.79,backfill
2025-09-23T14:35:00-05:00,HO,HIKE,2.91,0,120,0.98,-0.64,backfill
2025-09-24T14:35:00-05:00,RB,HIKE,1.97,0,120,1.1,1.99,backfill
2025-09-24T14:35:00-05:00,HO,HIKE,4.92,0,120,0.98,7.95,backfill
2025-09-25T14:35:00-05:00,RB,DROP,-1.66,0,120,-1.06,0.24,backfill
2025-09-25T14:35:00-05:00,HO,HIKE,4.93,0,120,0.98,5.17,backfill
2025-09-29T14:35:00-05:00,RB,FLAT,,0,120,0.0,-4.7,backfill
2025-09-29T14:35:00-05:00,HO,FLAT,,0,120,0.0,-6.64,backfill
2025-09-30T14:35:00-05:00,RB,DROP,-2.22,0,120,-1.06,-2.21,backfill
2025-09-30T14:35:00-05:00,HO,DROP,-2.41,0,120,-0.96,-3.4,backfill
2025-10-01T14:35:00-05:00,RB,DROP,-8.7,0,120,-1.08,-0.79,backfill
2025-10-01T14:35:00-05:00,HO,DROP,-3.06,0,120,-0.96,-2.35,backfill
2025-10-02T14:35:00-05:00,RB,DROP,-3.49,0,120,-1.08,-3.6,backfill
2025-10-02T14:35:00-05:00,HO,DROP,-5.84,0,120,-0.96,-6.32,backfill
2025-10-03T14:35:00-05:00,RB,FLAT,0.95,0,120,0.0,1.22,backfill
2025-10-03T14:35:00-05:00,HO,FLAT,-0.72,0,120,0.0,-0.32,backfill
2025-10-07T14:35:00-05:00,RB,HIKE,3.34,0,120,1.08,3.26,backfill
2025-10-07T14:35:00-05:00,HO,HIKE,2.9,0,120,0.98,0.95,backfill
2025-10-08T14:35:00-05:00,RB,HIKE,1.56,0,120,1.15,-0.18,backfill
2025-10-08T14:35:00-05:00,HO,HIKE,2.6,0,120,0.98,5.18,backfill
2025-10-09T14:35:00-05:00,RB,DROP,-2.69,0,120,-1.08,-3.6,backfill
2025-10-09T14:35:00-05:00,HO,DROP,-1.1,0,120,-0.96,-1.02,backfill
2025-10-10T14:35:00-05:00,RB,DROP,-6.22,0,240,-0.98,-5.18,backfill
2025-10-10T14:35:00-05:00,HO,DROP,-7.59,0,240,-0.97,-8.19,backfill
2025-10-14T14:35:00-05:00,RB,FLAT,0.82,0,120,0.0,1.62,backfill
2025-10-14T14:35:00-05:00,HO,FLAT,-0.68,0,120,0.0,4.59,backfill
2025-10-16T14:35:00-05:00,RB,DROP,-1.69,0,120,-1.02,-6.61,backfill
2025-10-16T14:35:00-05:00,HO,DROP,-4.41,0,120,-1.05,-9.0,backfill
2025-10-17T14:35:00-05:00,RB,HIKE,2.6,0,120,1.08,-0.53,backfill
2025-10-17T14:35:00-05:00,HO,HIKE,2.65,0,120,0.98,-0.24,backfill
2025-10-20T14:35:00-05:00,RB,FLAT,-0.75,0,120,0.0,-0.96,backfill
2025-10-20T14:35:00-05:00,HO,HIKE,1.21,0,120,0.98,0.32,backfill
2025-10-21T14:35:00-05:00,RB,FLAT,-0.49,0,120,0.0,-2.02,backfill
2025-10-21T14:35:00-05:00,HO,HIKE,1.37,0,120,0.98,1.19,backfill
2025-10-22T14:35:00-05:00,RB,HIKE,3.97,0,120,1.08,3.67,backfill
2025-10-22T14:35:00-05:00,HO,HIKE,4.38,0,120,0.99,4.92,backfill
2025-10-23T14:35:00-05:00,RB,HIKE,6.19,0,120,1.1,0.84,backfill
2025-10-23T14:35:00-05:00,HO,HIKE,15.34,0,120,0.99,14.59,backfill
2025-10-24T14:35:00-05:00,RB,FLAT,-0.42,0,120,0.0,0.3,backfill
2025-10-24T14:35:00-05:00,HO,FLAT,0.01,0,120,0.0,0.25,backfill
2025-10-27T14:35:00-05:00,RB,FLAT,-0.23,0,120,0.0,1.98,backfill
2025-10-27T14:35:00-05:00,HO,HIKE,3.3,0,120,0.97,3.19,backfill
2025-10-28T14:35:00-05:00,RB,FLAT,0.48,0,120,0.0,-0.58,backfill
2025-10-28T14:35:00-05:00,HO,DROP,-4.89,0,120,-1.02,-4.42,backfill
2025-10-29T14:35:00-05:00,RB,HIKE,4.85,0,120,1.08,2.21,backfill
2025-10-29T14:35:00-05:00,HO,HIKE,3.71,0,120,0.97,3.07,backfill
2025-10-30T14:35:00-05:00,RB,HIKE,2.97,0,120,1.08,0.38,backfill
2025-10-30T14:35:00-05:00,HO,HIKE,3.57,0,120,0.98,0.72,backfill
2025-10-31T14:35:00-05:00,RB,DROP,-1.03,0,180,-0.96,1.27,backfill
2025-10-31T14:35:00-05:00,HO,DROP,-2.88,0,180,-1.03,-1.12,backfill
2025-11-03T14:35:00-05:00,RB,DROP,-7.7,0,240,-1.04,2.53,backfill
2025-11-03T14:35:00-05:00,HO,DROP,-2.59,0,240,-1.03,0.63,backfill
2025-11-04T14:35:00-05:00,RB,FLAT,0.67,0,240,0.0,-0.91,backfill
2025-11-04T14:35:00-05:00,HO,HIKE,3.93,0,240,0.97,2.8,backfill
2025-11-05T14:35:00-05:00,RB,DROP,-1.35,0,240,-1.04,-1.23,backfill
2025-11-05T14:35:00-05:00,HO,DROP,-1.21,0,240,-1.03,-2.51,backfill
2025-11-06T14:35:00-05:00,RB,HIKE,5.63,0,240,1.08,5.44,backfill
2025-11-06T14:35:00-05:00,HO,HIKE,6.36,0,240,0.97,7.4,backfill
2025-11-07T14:35:00-05:00,RB,DROP,-2.53,0,240,-1.04,-3.46,backfill
2025-11-07T14:35:00-05:00,HO,DROP,-1.4,0,240,-1.03,-2.48,backfill
2025-11-10T14:35:00-05:00,RB,HIKE,3.08,0,240,1.09,1.44,backfill
2025-11-10T14:35:00-05:00,HO,HIKE,2.83,0,240,0.99,2.93,backfill
2025-11-11T14:35:00-05:00,RB,HIKE,4.09,0,120,1.1,3.9,backfill
2025-11-11T14:35:00-05:00,HO,HIKE,6.53,0,120,1.06,4.53,backfill
2025-11-12T14:35:00-05:00,RB,DROP,-5.66,0,120,-1.05,-4.35,backfill
2025-11-12T14:35:00-05:00,HO,DROP,-9.41,0,120,-1.04,-9.53,backfill
2025-11-13T14:35:00-05:00,RB,FLAT,0.43,0,120,0.0,2.32,backfill
2025-11-13T14:35:00-05:00,HO,DROP,-1.69,0,120,-1.04,-0.83,backfill
2025-11-14T14:35:00-05:00,RB,HIKE,5.19,0,180,0.98,0.66,backfill
2025-11-14T14:35:00-05:00,HO,HIKE,6.64,0,180,1.08,6.48,backfill
2025-11-17T14:35:00-05:00,RB,DROP,-2.15,0,180,-1.08,-1.35,backfill
2025-11-17T14:35:00-05:00,HO,HIKE,1.59,0,180,1.08,3.85,backfill
2025-11-18T14:35:00-05:00,RB,FLAT,0.92,0,180,0.0,-1.16,backfill
2025-11-18T14:35:00-05:00,HO,HIKE,15.41,0,180,1.1,9.35,backfill
2025-11-19T14:35:00-05:00,RB,DROP,-6.72,0,180,-1.08,-8.34,backfill
2025-11-19T14:35:00-05:00,HO,DROP,-6.54,0,180,-1.09,-6.3,backfill
2025-11-20T14:35:00-05:00,RB,DROP,-1.37,0,180,-1.09,-1.15,backfill
2025-11-20T14:35:00-05:00,HO,DROP,-10.24,0,180,-1.09,-9.61,backfill
2025-11-21T14:35:00-05:00,RB,DROP,-3.5,0,180,-1.12,-4.47,backfill
2025-11-21T14:35:00-05:00,HO,DROP,-7.69,0,180,-1.1,-4.05,backfill
2025-11-24T14:35:00-05:00,RB,HIKE,1.32,0,180,1.1,-0.37,backfill
2025-11-24T14:35:00-05:00,HO,DROP,-5.03,0,180,-1.1,-7.01,backfill
2025-11-25T14:35:00-05:00,RB,DROP,-3.94,0,180,-1.12,-1.05,backfill
2025-11-25T14:35:00-05:00,HO,DROP,-5.23,0,180,-1.12,-5.35,backfill
2025-11-26T14:35:00-05:00,RB,HIKE,3.18,0,180,1.1,2.88,backfill
2025-11-26T14:35:00-05:00,HO,DROP,-2.83,0,180,-1.12,-3.84,backfill
2025-12-01T14:35:00-05:00,RB,DROP,-2.01,0,180,-1.12,1.75,backfill
2025-12-01T14:35:00-05:00,HO,HIKE,1.45,0,180,1.09,0.23,backfill
2025-12-02T14:35:00-05:00,RB,DROP,-3.86,0,180,-1.12,-3.58,backfill
2025-12-02T14:35:00-05:00,HO,DROP,-2.73,0,180,-1.13,-3.16,backfill
2025-12-03T14:35:00-05:00,RB,FLAT,-0.31,0,180,0.0,-0.62,backfill
2025-12-03T14:35:00-05:00,HO,DROP,-1.19,0,180,-1.16,-0.44,backfill
2025-12-04T14:35:00-05:00,RB,FLAT,-0.01,0,180,0.0,-0.94,backfill
2025-12-04T14:35:00-05:00,HO,FLAT,0.29,0,180,0.0,0.84,backfill
2025-12-05T14:35:00-05:00,RB,FLAT,0.7,0,180,0.0,0.1,backfill
2025-12-05T14:35:00-05:00,HO,HIKE,5.92,0,180,1.09,5.01,backfill
2025-12-08T14:35:00-05:00,RB,DROP,-3.6,0,180,-1.12,-3.52,backfill
2025-12-08T14:35:00-05:00,HO,DROP,-6.47,0,180,-1.04,-7.24,backfill
2025-12-09T14:35:00-05:00,RB,FLAT,-0.84,0,180,0.0,-0.88,backfill
2025-12-09T14:35:00-05:00,HO,DROP,-3.81,0,180,-1.04,-2.52,backfill
2025-12-10T14:35:00-05:00,RB,FLAT,-0.82,0,180,0.0,-0.53,backfill
2025-12-10T14:35:00-05:00,HO,HIKE,1.29,0,180,1.03,1.05,backfill
2025-12-11T14:35:00-05:00,RB,DROP,-2.17,0,180,-1.07,-2.64,backfill
2025-12-11T14:35:00-05:00,HO,DROP,-4.41,0,180,-1.1,-4.92,backfill
2025-12-12T14:35:00-05:00,RB,FLAT,-0.77,0,180,0.0,-0.21,backfill
2025-12-12T14:35:00-05:00,HO,DROP,-3.09,0,180,-1.11,-3.43,backfill
2025-12-15T14:35:00-05:00,RB,DROP,-1.98,0,180,-1.02,-1.6,backfill
2025-12-15T14:35:00-05:00,HO,DROP,-1.74,0,180,-1.11,-1.73,backfill
2025-12-16T14:35:00-05:00,RB,DROP,-5.14,0,180,-1.01,-3.39,backfill
2025-12-16T14:35:00-05:00,HO,DROP,-5.2,0,180,-1.11,-5.24,backfill
2025-12-17T14:35:00-05:00,RB,HIKE,1.34,0,180,1.08,0.58,backfill
2025-12-17T14:35:00-05:00,HO,HIKE,2.09,0,180,0.99,4.32,backfill
2025-12-18T14:35:00-05:00,RB,FLAT,0.7,0,180,0.0,2.3,backfill
2025-12-18T14:35:00-05:00,HO,DROP,-1.79,0,180,-1.06,-0.62,backfill
2025-12-19T14:35:00-05:00,RB,FLAT,0.69,0,180,0.0,1.42,backfill
2025-12-19T14:35:00-05:00,HO,FLAT,-0.97,0,180,0.0,-0.43,backfill
2025-12-22T14:35:00-05:00,RB,HIKE,3.4,0,180,0.95,2.13,backfill
2025-12-22T14:35:00-05:00,HO,HIKE,3.62,0,180,1.08,3.31,backfill
2025-12-23T14:35:00-05:00,RB,FLAT,0.1,0,180,0.0,0.38,backfill
2025-12-23T14:35:00-05:00,HO,HIKE,3.25,0,180,1.08,3.08,backfill
2025-12-24T14:35:00-05:00,RB,FLAT,0.39,0,180,0.0,0.88,backfill
2025-12-24T14:35:00-05:00,HO,DROP,-3.3,0,180,-1.14,-2.68,backfill
2025-12-29T14:35:00-05:00,RB,DROP,-3.19,0,180,-0.95,-2.36,backfill
2025-12-29T14:35:00-05:00,HO,DROP,-3.01,0,180,-1.16,-1.32,backfill
2025-12-30T14:35:00-05:00,RB,FLAT,0.58,0,120,0.0,1.06,backfill
2025-12-30T14:35:00-05:00,HO,HIKE,2.3,0,120,1.08,2.96,backfill
2025-12-31T14:35:00-05:00,RB,DROP,-1.56,0,180,-0.95,-1.83,backfill
2025-12-31T14:35:00-05:00,HO,DROP,-2.99,0,180,-1.14,-4.35,backfill
2026-01-02T14:35:00-05:00,RB,FLAT,-0.72,0,180,0.0,-2.09,backfill
2026-01-02T14:35:00-05:00,HO,FLAT,-0.55,0,180,0.0,-0.04,backfill
2026-01-05T14:35:00-05:00,RB,HIKE,2.18,0,180,0.89,1.9,backfill
2026-01-05T14:35:00-05:00,HO,HIKE,2.77,0,180,1.08,2.79,backfill
2026-01-06T14:35:00-05:00,RB,DROP,-1.94,0,180,-0.95,-2.35,backfill
2026-01-06T14:35:00-05:00,HO,DROP,-5.98,0,180,-1.11,-5.85,backfill
2026-01-07T14:35:00-05:00,RB,FLAT,-0.61,0,180,0.0,-1.83,backfill
2026-01-07T14:35:00-05:00,HO,DROP,-2.63,0,180,-1.12,-2.25,backfill
2026-01-08T14:35:00-05:00,RB,HIKE,6.58,0,180,0.89,6.28,backfill
2026-01-08T14:35:00-05:00,HO,HIKE,6.28,0,180,1.08,6.78,backfill
2026-01-09T14:35:00-05:00,RB,HIKE,2.03,0,240,0.91,2.09,backfill
2026-01-09T14:35:00-05:00,HO,HIKE,1.55,0,240,1.08,1.21,backfill
2026-01-12T14:35:00-05:00,RB,HIKE,1.32,0,240,0.91,1.23,backfill
2026-01-12T14:35:00-05:00,HO,HIKE,1.94,0,240,1.02,1.67,backfill
2026-01-13T14:35:00-05:00,RB,HIKE,3.27,0,120,0.91,1.52,backfill
2026-01-13T14:35:00-05:00,HO,HIKE,8.4,0,120,1.02,8.15,backfill
2026-01-14T14:35:00-05:00,RB,FLAT,0.39,0,120,0.0,-0.4,backfill
2026-01-14T14:35:00-05:00,HO,HIKE,4.35,0,120,1.02,2.93,backfill
2026-01-15T14:35:00-05:00,RB,DROP,-4.66,0,120,-0.94,-4.59,backfill
2026-01-15T14:35:00-05:00,HO,DROP,-7.36,0,120,-1.12,-7.5,backfill
2026-01-16T14:35:00-05:00,RB,FLAT,0.14,0,120,0.0,-0.3,backfill
2026-01-16T14:35:00-05:00,HO,HIKE,2.93,0,120,1.02,2.36,backfill
2026-01-20T14:35:00-05:00,RB,HIKE,3.86,0,120,0.93,4.37,backfill
2026-01-20T14:35:00-05:00,HO,HIKE,10.09,0,120,1.02,7.85,backfill
2026-01-21T14:35:00-05:00,RB,HIKE,3.36,0,240,1.0,2.52,backfill
2026-01-21T14:35:00-05:00,HO,HIKE,9.2,0,240,1.1,5.43,backfill
2026-01-22T14:35:00-05:00,RB,DROP,-4.02,0,240,-0.95,-2.77,backfill
2026-01-22T14:35:00-05:00,HO,DROP,-6.37,0,240,-1.12,-6.62,backfill
2026-01-23T14:35:00-05:00,RB,HIKE,3.38,0,240,1.02,1.96,backfill
2026-01-23T14:35:00-05:00,HO,HIKE,6.17,0,240,1.1,3.66,backfill
2026-01-27T14:35:00-05:00,RB,HIKE,1.42,0,240,0.92,-2.74,backfill
2026-01-27T14:35:00-05:00,HO,HIKE,21.77,0,240,1.1,-0.48,backfill
2026-01-28T14:35:00-05:00,RB,HIKE,2.71,0,240,0.92,2.3,backfill
2026-01-28T14:35:00-05:00,HO,HIKE,1.99,0,240,1.1,4.92,backfill
2026-01-29T14:35:00-05:00,RB,HIKE,2.77,0,240,0.92,0.96,backfill
2026-01-29T14:35:00-05:00,HO,DROP,-8.07,0,240,-1.21,1.65,backfill
2026-02-03T14:35:00-05:00,RB,DROP,-2.21,0,240,-0.95,-3.26,backfill
2026-02-03T14:35:00-05:00,HO,DROP,-17.61,0,240,-1.22,-9.39,backfill
2026-02-04T14:35:00-05:00,RB,HIKE,6.73,0,240,0.92,9.27,backfill
2026-02-04T14:35:00-05:00,HO,HIKE,6.07,0,240,1.11,8.37,backfill
2026-02-05T14:35:00-05:00,RB,DROP,-3.86,0,240,-0.95,-3.5,backfill
2026-02-05T14:35:00-05:00,HO,DROP,-7.68,0,240,-1.2,-5.7,backfill
2026-02-06T14:35:00-05:00,RB,HIKE,2.66,0,240,0.92,2.1,backfill
2026-02-06T14:35:00-05:00,HO,HIKE,2.01,0,240,1.11,1.23,backfill
2026-02-09T14:35:00-05:00,RB,HIKE,3.23,0,240,0.92,2.46,backfill
2026-02-09T14:35:00-05:00,HO,FLAT,0.36,0,240,0.0,-1.51,backfill
2026-02-10T14:35:00-05:00,RB,DROP,-2.63,0,180,-1.0,-1.57,backfill
2026-02-10T14:35:00-05:00,HO,DROP,-1.81,0,180,-1.2,0.44,backfill
2026-02-11T14:35:00-05:00,RB,HIKE,1.97,0,180,0.91,1.8,backfill
2026-02-11T14:35:00-05:00,HO,HIKE,4.16,0,180,1.11,3.96,backfill
2026-02-12T14:35:00-05:00,RB,DROP,-6.3,0,180,-1.01,-5.12,backfill
2026-02-12T14:35:00-05:00,HO,DROP,-4.77,0,180,-1.2,-5.01,backfill
2026-02-17T14:35:00-05:00,RB,FLAT,,0,120,0.0,-0.76,backfill
2026-02-17T14:35:00-05:00,HO,FLAT,,0,120,0.0,1.53,backfill
2026-02-18T14:35:00-05:00,RB,HIKE,5.36,0,180,0.91,3.13,backfill
2026-02-18T14:35:00-05:00,HO,HIKE,12.81,0,180,1.12,11.45,backfill
2026-02-19T14:35:00-05:00,RB,HIKE,3.86,0,180,0.91,2.32,backfill
2026-02-19T14:35:00-05:00,HO,HIKE,9.6,0,180,1.12,5.47,backfill
2026-02-20T14:35:00-05:00,RB,FLAT,-0.93,0,240,0.0,-0.79,backfill
2026-02-20T14:35:00-05:00,HO,DROP,-2.89,0,240,-1.2,-2.75,backfill
2026-02-23T14:35:00-05:00,RB,FLAT,-0.81,0,240,0.0,-0.75,backfill
2026-02-23T14:35:00-05:00,HO,HIKE,9.24,0,240,1.12,2.62,backfill
2026-02-24T14:35:00-05:00,RB,DROP,-1.78,0,120,-0.99,-2.24,backfill
2026-02-24T14:35:00-05:00,HO,FLAT,0.87,0,120,0.0,-0.17,backfill
2026-02-25T14:35:00-05:00,RB,HIKE,2.0,0,180,0.91,0.28,backfill
2026-02-25T14:35:00-05:00,HO,FLAT,-1.29,0,180,0.0,2.99,backfill
2026-02-26T14:35:00-05:00,RB,HIKE,4.09,0,180,0.92,14.91,backfill
2026-02-26T14:35:00-05:00,HO,DROP,-6.15,0,180,-1.35,0.5,backfill
2026-02-27T14:35:00-05:00,RB,HIKE,4.56,0,240,1.12,3.27,backfill
2026-02-27T14:35:00-05:00,HO,HIKE,5.84,0,240,1.13,5.38,backfill
2026-03-02T14:35:00-05:00,RB,HIKE,29.27,0,240,1.13,5.57,backfill
2026-03-02T14:35:00-05:00,HO,HIKE,22.95,0,240,1.12,30.42,backfill
2026-03-03T14:35:00-05:00,RB,HIKE,8.68,0,240,1.13,7.3,backfill
2026-03-03T14:35:00-05:00,HO,HIKE,28.65,0,240,1.13,30.79,backfill
2026-03-04T14:35:00-05:00,RB,HIKE,5.75,0,240,1.13,4.28,backfill
2026-03-04T14:35:00-05:00,HO,HIKE,10.69,0,240,1.13,21.23,backfill
2026-03-05T14:35:00-05:00,RB,HIKE,15.6,0,240,0.95,11.27,backfill
2026-03-05T14:35:00-05:00,HO,HIKE,32.05,0,240,1.13,33.13,backfill
2026-03-06T14:35:00-05:00,RB,HIKE,7.57,0,240,0.95,3.13,backfill
2026-03-06T14:35:00-05:00,HO,FLAT,0.81,0,240,0.0,-9.06,backfill
2026-03-09T14:35:00-05:00,RB,HIKE,6.18,0,240,0.95,12.91,backfill
2026-03-09T14:35:00-05:00,HO,DROP,-3.58,0,240,-1.44,-6.98,backfill
2026-03-10T14:35:00-05:00,RB,DROP,-16.81,0,240,-0.96,-6.2,backfill
2026-03-10T14:35:00-05:00,HO,DROP,-24.0,0,240,-1.13,-25.32,backfill
2026-03-12T14:35:00-05:00,RB,HIKE,32.43,0,120,0.91,14.02,backfill
2026-03-12T14:35:00-05:00,HO,HIKE,55.23,0,120,1.12,28.78,backfill
2026-03-13T14:35:00-05:00,RB,HIKE,7.68,0,120,0.91,23.98,backfill
2026-03-13T14:35:00-05:00,HO,HIKE,11.58,0,120,1.12,38.45,backfill
2026-03-16T14:35:00-05:00,RB,DROP,-4.11,0,120,-0.96,-0.75,backfill
2026-03-16T14:35:00-05:00,HO,DROP,-17.72,0,120,-1.21,-16.15,backfill
2026-03-17T14:35:00-05:00,RB,HIKE,12.31,0,240,0.96,7.88,backfill
2026-03-17T14:35:00-05:00,HO,HIKE,17.83,0,240,1.09,16.79,backfill
2026-03-18T14:35:00-05:00,RB,DROP,-2.49,0,240,-0.97,-0.5,backfill
2026-03-18T14:35:00-05:00,HO,HIKE,18.2,0,240,1.15,19.11,backfill
2026-03-19T14:35:00-05:00,RB,HIKE,2.86,0,120,0.91,-0.32,backfill
2026-03-19T14:35:00-05:00,HO,HIKE,14.42,0,120,1.26,9.02,backfill
2026-03-20T14:35:00-05:00,RB,HIKE,15.91,0,240,0.97,8.62,backfill
2026-03-20T14:35:00-05:00,HO,HIKE,26.64,0,240,1.3,9.81,backfill
2026-03-23T14:35:00-05:00,RB,DROP,-31.13,0,240,-0.96,-23.29,backfill
2026-03-23T14:35:00-05:00,HO,DROP,-55.24,0,240,-1.42,-50.28,backfill
2026-03-24T14:35:00-05:00,RB,HIKE,17.31,0,240,0.97,20.89,backfill
2026-03-24T14:35:00-05:00,HO,HIKE,23.49,0,240,1.32,35.4,backfill
2026-03-25T14:35:00-05:00,RB,DROP,-13.56,0,240,-0.96,-11.46,backfill
2026-03-25T14:35:00-05:00,HO,DROP,-28.46,0,240,-1.42,-29.4,backfill
2026-03-26T14:35:00-05:00,RB,HIKE,11.78,0,240,1.16,13.31,backfill
2026-03-26T14:35:00-05:00,HO,HIKE,26.71,0,240,1.32,28.51,backfill
2026-03-27T14:35:00-05:00,RB,HIKE,11.99,0,240,1.19,10.23,backfill
2026-03-27T14:35:00-05:00,HO,HIKE,22.21,0,240,1.32,21.45,backfill
2026-03-30T14:35:00-05:00,RB,HIKE,10.14,0,240,1.21,9.46,backfill
2026-03-30T14:35:00-05:00,HO,DROP,-13.12,0,240,-1.21,-0.57,backfill
2026-03-31T14:35:00-05:00,RB,DROP,-3.92,0,240,-0.96,-1.42,backfill
2026-03-31T14:35:00-05:00,HO,DROP,-20.09,0,240,-1.21,-16.5,backfill
2026-04-01T14:35:00-05:00,RB,DROP,-22.09,0,240,-0.97,-11.59,backfill
2026-04-01T14:35:00-05:00,HO,DROP,-10.66,0,240,-1.21,-7.8,backfill
2026-04-02T14:35:00-05:00,RB,HIKE,19.66,0,240,0.98,16.01,backfill
2026-04-02T14:35:00-05:00,HO,HIKE,30.43,0,240,1.12,38.26,backfill
2026-04-06T14:35:00-05:00,RB,HIKE,2.02,0,240,1.19,2.14,backfill
2026-04-06T14:35:00-05:00,HO,DROP,-3.27,0,240,-1.21,-0.88,backfill
2026-04-07T14:35:00-05:00,RB,FLAT,-0.3,0,180,0.0,-3.18,backfill
2026-04-07T14:35:00-05:00,HO,HIKE,14.9,0,180,1.12,8.07,backfill
2026-04-08T14:35:00-05:00,RB,DROP,-29.93,0,180,-0.95,-24.93,backfill
2026-04-08T14:35:00-05:00,HO,DROP,-66.9,0,180,-1.21,-67.49,backfill
2026-04-09T14:35:00-05:00,RB,FLAT,-0.52,0,180,0.0,-1.54,backfill
2026-04-09T14:35:00-05:00,HO,HIKE,12.86,0,180,1.13,8.47,backfill
2026-04-10T14:35:00-05:00,RB,HIKE,3.66,0,180,1.16,1.65,backfill
2026-04-10T14:35:00-05:00,HO,DROP,-17.54,0,180,-1.21,-19.94,backfill
2026-04-13T14:35:00-05:00,RB,HIKE,7.87,0,180,0.96,4.96,backfill
2026-04-13T14:35:00-05:00,HO,HIKE,7.25,0,180,1.13,5.31,backfill
2026-04-14T14:35:00-05:00,RB,DROP,-7.65,0,180,-0.94,-7.11,backfill
2026-04-14T14:35:00-05:00,HO,DROP,-20.98,0,180,-1.21,-19.72,backfill
2026-04-15T14:35:00-05:00,RB,HIKE,2.97,0,180,0.96,2.31,backfill
2026-04-15T14:35:00-05:00,HO,HIKE,12.89,0,180,1.13,9.0,backfill
2026-04-16T14:35:00-05:00,RB,HIKE,9.45,0,180,0.96,5.23,backfill
2026-04-16T14:35:00-05:00,HO,HIKE,7.97,0,180,1.13,7.26,backfill
2026-04-17T14:35:00-05:00,RB,DROP,-15.89,0,240,-0.95,-14.68,backfill
2026-04-17T14:35:00-05:00,HO,DROP,-43.55,0,240,-1.21,-42.08,backfill
2026-04-20T14:35:00-05:00,RB,HIKE,11.2,0,240,1.09,8.36,backfill
2026-04-20T14:35:00-05:00,HO,HIKE,14.35,0,240,1.14,16.26,backfill
2026-04-21T14:35:00-05:00,RB,HIKE,9.3,0,240,1.09,8.97,backfill
2026-04-21T14:35:00-05:00,HO,HIKE,18.79,0,240,1.14,16.64,backfill
2026-04-22T14:35:00-05:00,RB,HIKE,14.81,0,240,1.1,12.22,backfill
2026-04-22T14:35:00-05:00,HO,HIKE,20.91,0,240,1.14,21.04,backfill
2026-04-23T14:35:00-05:00,RB,HIKE,10.42,0,180,1.29,5.53,backfill
2026-04-23T14:35:00-05:00,HO,HIKE,5.03,0,180,1.14,2.84,backfill
2026-04-27T14:35:00-05:00,RB,FLAT,,0,240,0.0,3.74,backfill
2026-04-27T14:35:00-05:00,HO,FLAT,,0,240,0.0,6.45,backfill
2026-04-28T14:35:00-05:00,RB,HIKE,6.94,0,120,1.3,7.05,backfill
2026-04-28T14:35:00-05:00,HO,FLAT,-0.35,0,120,0.0,-0.32,backfill
2026-04-30T14:35:00-05:00,RB,HIKE,21.11,0,120,1.16,13.66,backfill
2026-04-30T14:35:00-05:00,HO,HIKE,16.72,0,120,1.15,21.2,backfill
2026-05-01T14:35:00-05:00,RB,DROP,-17.63,0,120,-0.97,0.36,backfill
2026-05-01T14:35:00-05:00,HO,DROP,-19.2,0,120,-1.21,-16.47,backfill
2026-05-04T14:35:00-05:00,RB,HIKE,14.3,0,120,1.31,10.49,backfill
2026-05-04T14:35:00-05:00,HO,HIKE,12.68,0,120,1.16,13.39,backfill
2026-05-05T14:35:00-05:00,RB,DROP,-11.76,0,120,-0.95,-10.46,backfill
2026-05-05T14:35:00-05:00,HO,DROP,-4.3,0,120,-1.19,-4.04,backfill
2026-05-06T14:35:00-05:00,RB,DROP,-16.13,0,180,-0.94,-11.43,backfill
2026-05-06T14:35:00-05:00,HO,DROP,-24.46,0,180,-1.13,-25.68,backfill
2026-05-07T14:35:00-05:00,RB,FLAT,-0.33,0,240,0.0,-0.55,backfill
2026-05-07T14:35:00-05:00,HO,HIKE,3.1,0,240,1.16,1.99,backfill
2026-05-08T14:35:00-05:00,RB,HIKE,7.07,0,240,1.11,6.2,backfill
2026-05-08T14:35:00-05:00,HO,HIKE,8.25,0,240,1.16,12.44,backfill
2026-05-11T14:35:00-05:00,RB,HIKE,7.31,0,180,1.3,7.47,backfill
2026-05-11T14:35:00-05:00,HO,HIKE,6.95,0,180,1.16,2.94,backfill
2026-05-12T14:35:00-05:00,RB,HIKE,9.79,0,180,1.3,8.67,backfill
2026-05-12T14:35:00-05:00,HO,HIKE,19.02,0,180,1.16,18.36,backfill
2026-05-13T14:35:00-05:00,RB,DROP,-7.9,0,240,-0.94,-10.13,backfill
2026-05-13T14:35:00-05:00,HO,DROP,-19.21,0,240,-1.13,-21.48,backfill
2026-05-14T14:35:00-05:00,RB,DROP,-1.3,0,240,-0.94,-0.64,backfill
2026-05-14T14:35:00-05:00,HO,DROP,-6.11,0,240,-1.13,-6.95,backfill
2026-05-15T14:35:00-05:00,RB,HIKE,9.62,0,240,1.11,5.77,backfill
2026-05-15T14:35:00-05:00,HO,HIKE,14.78,0,240,1.16,11.68,backfill
2026-05-18T14:35:00-05:00,RB,HIKE,5.88,0,240,1.11,4.37,backfill
2026-05-18T14:35:00-05:00,HO,HIKE,6.11,0,240,1.16,6.44,backfill
2026-05-19T14:35:00-05:00,RB,DROP,-6.45,0,240,-0.94,-4.31,backfill
2026-05-19T14:35:00-05:00,HO,HIKE,4.8,0,240,1.16,6.15,backfill
2026-05-20T14:35:00-05:00,RB,DROP,-20.88,0,240,-0.94,-18.9,backfill
2026-05-20T14:35:00-05:00,HO,DROP,-21.54,0,240,-1.14,-23.27,backfill
2026-05-23T09:55:13.671765-05:00,RB,HIKE,20.0,0,120,1.96,PENDING,
2026-05-24T00:51:42.116495-05:00,RB,FLAT,0.0,0,120,0.0,PENDING,
2026-05-26T14:35:00-05:51,RB,HIKE,4.0,0,120,1.99,-18.09,
2026-05-25T12:09:54.674992-05:00,RB,FLAT,0.0,0,120,0.0,PENDING,
2026-05-27T10:40:20.774429-05:00,RB,FLAT,0.0,0,120,0.0,-8.69,
2026-05-28T12:52:47.963995-05:00,RB,HIKE,20.0,0,180,1.46,2.55,
2026-05-30T14:32:52.175998-05:00,RB,FLAT,0.0,0,120,0.0,PENDING,
2026-06-05T22:35:49.405620-05:00,RB,FLAT,0.0,0,120,0.0,1.31,
2026-06-21T21:30:12.629829-05:00,RB,FLAT,0.0,0,120,0.0,PENDING,
2026-06-22T12:51:35.961480-05:00,RB,FLAT,0.0,0,120,0.0,-1.46,
2026-07-15T12:24:35.036108-05:00,RB,FLAT,0.0,0,120,0.0,5.18,
